/*
 Navicat Premium Data Transfer

 Source Server         : Local
 Source Server Type    : MySQL
 Source Server Version : 80030
 Source Host           : localhost:3306
 Source Schema         : ketosin

 Target Server Type    : MySQL
 Target Server Version : 80030
 File Encoding         : 65001

 Date: 25/10/2023 21:16:25
*/

SET NAMES utf8mb4;
SET FOREIGN_KEY_CHECKS = 0;

-- ----------------------------
-- Table structure for failed_jobs
-- ----------------------------
DROP TABLE IF EXISTS `failed_jobs`;
CREATE TABLE `failed_jobs`  (
  `id` bigint UNSIGNED NOT NULL AUTO_INCREMENT,
  `uuid` varchar(255) CHARACTER SET utf8mb4 COLLATE utf8mb4_unicode_ci NOT NULL,
  `connection` text CHARACTER SET utf8mb4 COLLATE utf8mb4_unicode_ci NOT NULL,
  `queue` text CHARACTER SET utf8mb4 COLLATE utf8mb4_unicode_ci NOT NULL,
  `payload` longtext CHARACTER SET utf8mb4 COLLATE utf8mb4_unicode_ci NOT NULL,
  `exception` longtext CHARACTER SET utf8mb4 COLLATE utf8mb4_unicode_ci NOT NULL,
  `failed_at` timestamp NOT NULL DEFAULT CURRENT_TIMESTAMP,
  PRIMARY KEY (`id`) USING BTREE,
  UNIQUE INDEX `failed_jobs_uuid_unique`(`uuid`) USING BTREE
) ENGINE = InnoDB AUTO_INCREMENT = 1 CHARACTER SET = utf8mb4 COLLATE = utf8mb4_unicode_ci ROW_FORMAT = Dynamic;

-- ----------------------------
-- Records of failed_jobs
-- ----------------------------

-- ----------------------------
-- Table structure for kandidat
-- ----------------------------
DROP TABLE IF EXISTS `kandidat`;
CREATE TABLE `kandidat`  (
  `id_kandidat` bigint UNSIGNED NOT NULL AUTO_INCREMENT,
  `id_ketua` bigint UNSIGNED NOT NULL,
  `id_wakil` bigint UNSIGNED NOT NULL,
  `visi` text CHARACTER SET utf8mb4 COLLATE utf8mb4_unicode_ci NOT NULL,
  `misi` text CHARACTER SET utf8mb4 COLLATE utf8mb4_unicode_ci NOT NULL,
  `slogan` text CHARACTER SET utf8mb4 COLLATE utf8mb4_unicode_ci NOT NULL,
  `foto` varchar(255) CHARACTER SET utf8mb4 COLLATE utf8mb4_unicode_ci NULL DEFAULT NULL,
  `created_at` timestamp NULL DEFAULT NULL,
  `updated_at` timestamp NULL DEFAULT NULL,
  PRIMARY KEY (`id_kandidat`) USING BTREE,
  INDEX `kandidat_id_ketua_foreign`(`id_ketua`) USING BTREE,
  INDEX `kandidat_id_wakil_foreign`(`id_wakil`) USING BTREE,
  CONSTRAINT `kandidat_id_ketua_foreign` FOREIGN KEY (`id_ketua`) REFERENCES `peserta` (`id_peserta`) ON DELETE RESTRICT ON UPDATE RESTRICT,
  CONSTRAINT `kandidat_id_wakil_foreign` FOREIGN KEY (`id_wakil`) REFERENCES `peserta` (`id_peserta`) ON DELETE RESTRICT ON UPDATE RESTRICT
) ENGINE = InnoDB AUTO_INCREMENT = 1 CHARACTER SET = utf8mb4 COLLATE = utf8mb4_unicode_ci ROW_FORMAT = Dynamic;

-- ----------------------------
-- Records of kandidat
-- ----------------------------

-- ----------------------------
-- Table structure for kelas
-- ----------------------------
DROP TABLE IF EXISTS `kelas`;
CREATE TABLE `kelas`  (
  `id_kelas` bigint UNSIGNED NOT NULL AUTO_INCREMENT,
  `nama_kelas` varchar(255) CHARACTER SET utf8mb4 COLLATE utf8mb4_unicode_ci NOT NULL,
  `status` int NOT NULL DEFAULT 1,
  `created_at` timestamp NULL DEFAULT NULL,
  `updated_at` timestamp NULL DEFAULT NULL,
  PRIMARY KEY (`id_kelas`) USING BTREE
) ENGINE = InnoDB AUTO_INCREMENT = 25 CHARACTER SET = utf8mb4 COLLATE = utf8mb4_unicode_ci ROW_FORMAT = Dynamic;

-- ----------------------------
-- Records of kelas
-- ----------------------------
INSERT INTO `kelas` VALUES (1, 'MP 1', 1, '2023-10-25 21:12:27', '2023-10-25 21:12:27');
INSERT INTO `kelas` VALUES (2, 'MP 2', 1, '2023-10-25 21:12:27', '2023-10-25 21:12:27');
INSERT INTO `kelas` VALUES (3, 'AK 1', 1, '2023-10-25 21:12:27', '2023-10-25 21:12:27');
INSERT INTO `kelas` VALUES (4, 'AK 2', 1, '2023-10-25 21:12:27', '2023-10-25 21:12:27');
INSERT INTO `kelas` VALUES (5, 'LP 1', 1, '2023-10-25 21:12:27', '2023-10-25 21:12:27');
INSERT INTO `kelas` VALUES (6, 'BD 1', 1, '2023-10-25 21:12:27', '2023-10-25 21:12:27');
INSERT INTO `kelas` VALUES (7, 'BD 2', 1, '2023-10-25 21:12:27', '2023-10-25 21:12:27');
INSERT INTO `kelas` VALUES (8, 'TKJ 1', 1, '2023-10-25 21:12:27', '2023-10-25 21:12:27');
INSERT INTO `kelas` VALUES (9, 'TKJ 2', 1, '2023-10-25 21:12:27', '2023-10-25 21:12:27');
INSERT INTO `kelas` VALUES (10, 'DKV 1', 1, '2023-10-25 21:12:27', '2023-10-25 21:12:27');
INSERT INTO `kelas` VALUES (11, 'DKV 2', 1, '2023-10-25 21:12:27', '2023-10-25 21:12:27');
INSERT INTO `kelas` VALUES (12, 'RPL 1', 1, '2023-10-25 21:12:27', '2023-10-25 21:12:27');
INSERT INTO `kelas` VALUES (13, 'RPL 2', 1, '2023-10-25 21:12:27', '2023-10-25 21:12:27');
INSERT INTO `kelas` VALUES (14, 'PSPTv 1', 1, '2023-10-25 21:12:27', '2023-10-25 21:12:27');
INSERT INTO `kelas` VALUES (15, 'OTKP 1', 1, '2023-10-25 21:12:27', '2023-10-25 21:12:27');
INSERT INTO `kelas` VALUES (16, 'OTKP 2', 1, '2023-10-25 21:12:27', '2023-10-25 21:12:27');
INSERT INTO `kelas` VALUES (17, 'AKL 1', 1, '2023-10-25 21:12:27', '2023-10-25 21:12:27');
INSERT INTO `kelas` VALUES (18, 'AKL 2', 1, '2023-10-25 21:12:27', '2023-10-25 21:12:27');
INSERT INTO `kelas` VALUES (19, 'PKM 1', 1, '2023-10-25 21:12:27', '2023-10-25 21:12:27');
INSERT INTO `kelas` VALUES (20, 'PKM 2', 1, '2023-10-25 21:12:27', '2023-10-25 21:12:27');
INSERT INTO `kelas` VALUES (21, 'BDP 1', 1, '2023-10-25 21:12:27', '2023-10-25 21:12:27');
INSERT INTO `kelas` VALUES (22, 'BDP 2', 1, '2023-10-25 21:12:27', '2023-10-25 21:12:27');
INSERT INTO `kelas` VALUES (23, 'MM 1', 1, '2023-10-25 21:12:27', '2023-10-25 21:12:27');
INSERT INTO `kelas` VALUES (24, 'MM 2', 1, '2023-10-25 21:12:27', '2023-10-25 21:12:27');

-- ----------------------------
-- Table structure for migrations
-- ----------------------------
DROP TABLE IF EXISTS `migrations`;
CREATE TABLE `migrations`  (
  `id` int UNSIGNED NOT NULL AUTO_INCREMENT,
  `migration` varchar(255) CHARACTER SET utf8mb4 COLLATE utf8mb4_unicode_ci NOT NULL,
  `batch` int NOT NULL,
  PRIMARY KEY (`id`) USING BTREE
) ENGINE = InnoDB CHARACTER SET = utf8mb4 COLLATE = utf8mb4_unicode_ci ROW_FORMAT = Dynamic;

-- ----------------------------
-- Records of migrations
-- ----------------------------
INSERT INTO `migrations` VALUES (1, '2014_10_12_000000_create_users_table', 1);
INSERT INTO `migrations` VALUES (2, '2014_10_12_100000_create_password_resets_table', 1);
INSERT INTO `migrations` VALUES (3, '2019_08_19_000000_create_failed_jobs_table', 1);
INSERT INTO `migrations` VALUES (4, '2019_12_14_000001_create_personal_access_tokens_table', 1);
INSERT INTO `migrations` VALUES (5, '2023_10_22_052420_create_kelas', 1);
INSERT INTO `migrations` VALUES (6, '2023_10_22_052459_create_peserta', 1);
INSERT INTO `migrations` VALUES (7, '2023_10_22_052508_create_kandidat', 1);
INSERT INTO `migrations` VALUES (8, '2023_10_22_052630_create_pemilihan', 1);
INSERT INTO `migrations` VALUES (9, '2023_10_22_082302_create_waktu', 1);

-- ----------------------------
-- Table structure for password_resets
-- ----------------------------
DROP TABLE IF EXISTS `password_resets`;
CREATE TABLE `password_resets`  (
  `email` varchar(255) CHARACTER SET utf8mb4 COLLATE utf8mb4_unicode_ci NOT NULL,
  `token` varchar(255) CHARACTER SET utf8mb4 COLLATE utf8mb4_unicode_ci NOT NULL,
  `created_at` timestamp NULL DEFAULT NULL,
  PRIMARY KEY (`email`) USING BTREE
) ENGINE = InnoDB CHARACTER SET = utf8mb4 COLLATE = utf8mb4_unicode_ci ROW_FORMAT = Dynamic;

-- ----------------------------
-- Records of password_resets
-- ----------------------------

-- ----------------------------
-- Table structure for pemilihan
-- ----------------------------
DROP TABLE IF EXISTS `pemilihan`;
CREATE TABLE `pemilihan`  (
  `id_pemilihan` bigint UNSIGNED NOT NULL AUTO_INCREMENT,
  `id_peserta` bigint UNSIGNED NOT NULL,
  `id_kandidat` bigint UNSIGNED NOT NULL,
  `waktu` timestamp NOT NULL,
  `longtitude` varchar(255) CHARACTER SET utf8mb4 COLLATE utf8mb4_unicode_ci NULL DEFAULT NULL,
  `latitude` varchar(255) CHARACTER SET utf8mb4 COLLATE utf8mb4_unicode_ci NULL DEFAULT NULL,
  `mac` varchar(255) CHARACTER SET utf8mb4 COLLATE utf8mb4_unicode_ci NULL DEFAULT NULL,
  `status` int NOT NULL DEFAULT 1,
  `created_at` timestamp NULL DEFAULT NULL,
  `updated_at` timestamp NULL DEFAULT NULL,
  PRIMARY KEY (`id_pemilihan`) USING BTREE,
  INDEX `pemilihan_id_peserta_foreign`(`id_peserta`) USING BTREE,
  INDEX `pemilihan_id_kandidat_foreign`(`id_kandidat`) USING BTREE,
  CONSTRAINT `pemilihan_id_kandidat_foreign` FOREIGN KEY (`id_kandidat`) REFERENCES `kandidat` (`id_kandidat`) ON DELETE RESTRICT ON UPDATE RESTRICT,
  CONSTRAINT `pemilihan_id_peserta_foreign` FOREIGN KEY (`id_peserta`) REFERENCES `peserta` (`id_peserta`) ON DELETE RESTRICT ON UPDATE RESTRICT
) ENGINE = InnoDB AUTO_INCREMENT = 1 CHARACTER SET = utf8mb4 COLLATE = utf8mb4_unicode_ci ROW_FORMAT = Dynamic;

-- ----------------------------
-- Records of pemilihan
-- ----------------------------

-- ----------------------------
-- Table structure for personal_access_tokens
-- ----------------------------
DROP TABLE IF EXISTS `personal_access_tokens`;
CREATE TABLE `personal_access_tokens`  (
  `id` bigint UNSIGNED NOT NULL AUTO_INCREMENT,
  `tokenable_type` varchar(255) CHARACTER SET utf8mb4 COLLATE utf8mb4_unicode_ci NOT NULL,
  `tokenable_id` bigint UNSIGNED NOT NULL,
  `name` varchar(255) CHARACTER SET utf8mb4 COLLATE utf8mb4_unicode_ci NOT NULL,
  `token` varchar(64) CHARACTER SET utf8mb4 COLLATE utf8mb4_unicode_ci NOT NULL,
  `abilities` text CHARACTER SET utf8mb4 COLLATE utf8mb4_unicode_ci NULL,
  `last_used_at` timestamp NULL DEFAULT NULL,
  `expires_at` timestamp NULL DEFAULT NULL,
  `created_at` timestamp NULL DEFAULT NULL,
  `updated_at` timestamp NULL DEFAULT NULL,
  PRIMARY KEY (`id`) USING BTREE,
  UNIQUE INDEX `personal_access_tokens_token_unique`(`token`) USING BTREE,
  INDEX `personal_access_tokens_tokenable_type_tokenable_id_index`(`tokenable_type`, `tokenable_id`) USING BTREE
) ENGINE = InnoDB AUTO_INCREMENT = 1 CHARACTER SET = utf8mb4 COLLATE = utf8mb4_unicode_ci ROW_FORMAT = Dynamic;

-- ----------------------------
-- Records of personal_access_tokens
-- ----------------------------

-- ----------------------------
-- Table structure for peserta
-- ----------------------------
DROP TABLE IF EXISTS `peserta`;
CREATE TABLE `peserta`  (
  `id_peserta` bigint UNSIGNED NOT NULL AUTO_INCREMENT,
  `nama_peserta` varchar(255) CHARACTER SET utf8mb4 COLLATE utf8mb4_unicode_ci NOT NULL,
  `tipe` int NOT NULL,
  `qr_code` varchar(255) CHARACTER SET utf8mb4 COLLATE utf8mb4_unicode_ci NULL DEFAULT NULL,
  `tingkatan` int NOT NULL,
  `id_kelas` bigint UNSIGNED NOT NULL,
  `status` int NOT NULL DEFAULT 1,
  `created_at` timestamp NULL DEFAULT NULL,
  `updated_at` timestamp NULL DEFAULT NULL,
  PRIMARY KEY (`id_peserta`) USING BTREE,
  INDEX `peserta_id_kelas_foreign`(`id_kelas`) USING BTREE,
  CONSTRAINT `peserta_id_kelas_foreign` FOREIGN KEY (`id_kelas`) REFERENCES `kelas` (`id_kelas`) ON DELETE RESTRICT ON UPDATE RESTRICT
) ENGINE = InnoDB AUTO_INCREMENT = 433 CHARACTER SET = utf8mb4 COLLATE = utf8mb4_unicode_ci ROW_FORMAT = Dynamic;

-- ----------------------------
-- Records of peserta
-- ----------------------------
INSERT INTO `peserta` VALUES (1, 'ADINDA DWI FEBY WIDARTO', 1, 'vcdURyTr3SV9lzfFAfVuGP9Tb6lXWGKd2XYZmMeZ', 1, 3, 1, '2023-10-25 21:12:39', '2023-10-25 21:12:39');
INSERT INTO `peserta` VALUES (2, 'AHMAD RIDHO SAPUTRA', 1, 'hxpQGVcHjUECPTZ0pPQHW7LAYB7SWODijfyZA9cd', 1, 3, 1, '2023-10-25 21:12:39', '2023-10-25 21:12:39');
INSERT INTO `peserta` VALUES (3, 'ALDA KRISTIN', 1, 'NhoVcqJt9q3hxvjyA0kVMnqm0S0JNP010y3dHcQh', 1, 3, 1, '2023-10-25 21:12:39', '2023-10-25 21:12:39');
INSERT INTO `peserta` VALUES (4, 'ANISA AGUSTIN', 1, 'KDlSKKzOL5UFemxxf3uAhXnVtYU5XSGu2awgwvrR', 1, 3, 1, '2023-10-25 21:12:39', '2023-10-25 21:12:39');
INSERT INTO `peserta` VALUES (5, 'AZIZATUN NABILA', 1, 'iRdhQldinMETaQTQ6LCouBEzjz3jJHGkQ7CNdosD', 1, 3, 1, '2023-10-25 21:12:39', '2023-10-25 21:12:39');
INSERT INTO `peserta` VALUES (6, 'CHELSY ALICIA THIMOTY', 1, 'Y0g8HD2VoWnMmb3M0ZUYng6zIpQymhG6ki4vvsZF', 1, 3, 1, '2023-10-25 21:12:39', '2023-10-25 21:12:39');
INSERT INTO `peserta` VALUES (7, 'DEWI AYU VERONICA', 1, '6LUaJCpGxzQKsZxOulGYvnEWKDgQ6cwaEWda26hD', 1, 3, 1, '2023-10-25 21:12:39', '2023-10-25 21:12:39');
INSERT INTO `peserta` VALUES (8, 'DWI RANI ANDINI', 1, 'SIDL0isYH7VBExiImr6EqzqhSYxiiWiIjzlNCJRj', 1, 3, 1, '2023-10-25 21:12:39', '2023-10-25 21:12:39');
INSERT INTO `peserta` VALUES (9, 'GUNAWAN FERI SUSANTO', 1, 'MTPtgDeu6BuRFR31LdPcCBJB8ZRpwsNnYkV71v7O', 1, 3, 1, '2023-10-25 21:12:39', '2023-10-25 21:12:39');
INSERT INTO `peserta` VALUES (10, 'HAIRIA UMMAH', 1, '4ajVVqSUDDpXDjsehiCtPqKViELeZAP4tGuME4yQ', 1, 3, 1, '2023-10-25 21:12:39', '2023-10-25 21:12:39');
INSERT INTO `peserta` VALUES (11, 'HUZAIMAH ALIFIA AMRAH', 1, 'X7pPDX9P9vehJBa4VwxHhtQ5iY1bezQf5jahWgnf', 1, 3, 1, '2023-10-25 21:12:39', '2023-10-25 21:12:39');
INSERT INTO `peserta` VALUES (12, 'JESICA SELVIANA DEWI', 1, 'b20I4d3o57mL2C9RezUDE6mb1eyVVjYH1iNUt0uW', 1, 3, 1, '2023-10-25 21:12:39', '2023-10-25 21:12:39');
INSERT INTO `peserta` VALUES (13, 'KHARISMA PUTRI ANGGRAINI', 1, 'tYc8pjZ94ExltLVtUnUcaSElRnxYZlkAXbsvjiru', 1, 3, 1, '2023-10-25 21:12:39', '2023-10-25 21:12:39');
INSERT INTO `peserta` VALUES (14, 'MAYA DWI ARISANTY', 1, '3bApMVAOnAr7EOc75a27uaDFP5oM9aWgRT1QKR8h', 1, 3, 1, '2023-10-25 21:12:39', '2023-10-25 21:12:39');
INSERT INTO `peserta` VALUES (15, 'MOHAMMAD RAFELIAN FIRDAUS', 1, 'Wja81d1sNgrF9lO90DXXlg5mPtQOFMYJIF1YFr9f', 1, 3, 1, '2023-10-25 21:12:39', '2023-10-25 21:12:39');
INSERT INTO `peserta` VALUES (16, 'MUHAMMAD ARDIANSYAH PRATAMA', 1, 'bOVTFC0yOkkBZSUUTW17rWJ7ea5RnDty1DKCXdP0', 1, 3, 1, '2023-10-25 21:12:39', '2023-10-25 21:12:39');
INSERT INTO `peserta` VALUES (17, 'MUHAMMAD IFAN KHAIRUL UMAM', 1, 'vSjxeK9UL3zq9VLyhcrQWbq6G0POmuZeG270pLMm', 1, 3, 1, '2023-10-25 21:12:39', '2023-10-25 21:12:39');
INSERT INTO `peserta` VALUES (18, 'NADIA AYU PUJIANSYAH', 1, 'Ik6MUlGV4XCJkIUPfYzkDHLZZAqdNdtTugem01Mc', 1, 3, 1, '2023-10-25 21:12:39', '2023-10-25 21:12:39');
INSERT INTO `peserta` VALUES (19, 'NADYA CANTIKA DAMA YANTI', 1, 'a3cP5rOnVnr4aODlMHsbErLCCykEW5kps4btU9u4', 1, 3, 1, '2023-10-25 21:12:39', '2023-10-25 21:12:39');
INSERT INTO `peserta` VALUES (20, 'NAJWA FIBRIA JANNATIL ADNI', 1, 'RYi6ZPPgMWALVAfgXUUB3TA31ZrhDeQ6dBSOah3x', 1, 3, 1, '2023-10-25 21:12:39', '2023-10-25 21:12:39');
INSERT INTO `peserta` VALUES (21, 'NOURA PUTRI ARILAM', 1, '7V8ty1BoeDOrFp3So6m7Jy4h5SMbRdMVDsL4uJpz', 1, 3, 1, '2023-10-25 21:12:39', '2023-10-25 21:12:39');
INSERT INTO `peserta` VALUES (22, 'PUTRI YOFI SALWA AWLIA', 1, 'uMvx8fetwebcuM7qci7DKhNhTlcuWZullqCtZ4Rv', 1, 3, 1, '2023-10-25 21:12:39', '2023-10-25 21:12:39');
INSERT INTO `peserta` VALUES (23, 'RAFISATUS SYARRI', 1, 'qYG6qLkSDBJpOxE84pnD2Rw2PBKResEt12bqHYku', 1, 3, 1, '2023-10-25 21:12:39', '2023-10-25 21:12:39');
INSERT INTO `peserta` VALUES (24, 'RAYSA ANINDYA', 1, 'GsM7TqdO6QuSRKIlPf79VP7HBxK9WMYWaIiAgKFS', 1, 3, 1, '2023-10-25 21:12:39', '2023-10-25 21:12:39');
INSERT INTO `peserta` VALUES (25, 'REVATUL HASANAH', 1, 'BorVfXE5WaCC4B5Hq8E3TNTfdxnMWP7sHO2V3168', 1, 3, 1, '2023-10-25 21:12:39', '2023-10-25 21:12:39');
INSERT INTO `peserta` VALUES (26, 'RISQI SILVIANA', 1, 'VyuGygO9ewDAdNoMOUZk0xg9PWOxDsZlXnW90eh6', 1, 3, 1, '2023-10-25 21:12:39', '2023-10-25 21:12:39');
INSERT INTO `peserta` VALUES (27, 'SAADAH', 1, 'lgTWnYuo37rl30ACCVQU9fUyIOm2ifG5zjyo6aYl', 1, 3, 1, '2023-10-25 21:12:39', '2023-10-25 21:12:39');
INSERT INTO `peserta` VALUES (28, 'SAHWA SAQA TITTARRA', 1, 'QVUyQpAlWp6sHe6GdXYqRP0Q9TDSDfgPJLmw2I87', 1, 3, 1, '2023-10-25 21:12:39', '2023-10-25 21:12:39');
INSERT INTO `peserta` VALUES (29, 'SALSABILA AME NATALAURA', 1, 'fgJTCLATl8bB43Z9wB4M7Ww8eDa7gJIZumarHp5C', 1, 3, 1, '2023-10-25 21:12:39', '2023-10-25 21:12:39');
INSERT INTO `peserta` VALUES (30, 'SITI RATNA MAISAROH', 1, 'Jz8ZwyE4eYhTRTqKtHr5uArtVwOpYPbzlQU70F6i', 1, 3, 1, '2023-10-25 21:12:39', '2023-10-25 21:12:39');
INSERT INTO `peserta` VALUES (31, 'UUN WULANDARI', 1, 'ojecUvleoX4ZHt6X2DwWU58Ut6zbAPyWs7mXc6A7', 1, 3, 1, '2023-10-25 21:12:39', '2023-10-25 21:12:39');
INSERT INTO `peserta` VALUES (32, 'YASMIN AURA PUTRI', 1, 'DhBqPf2nXJ4SxEVXrYHi4wkyDOOqDS0oJL1HEbtc', 1, 3, 1, '2023-10-25 21:12:39', '2023-10-25 21:12:39');
INSERT INTO `peserta` VALUES (33, 'YUMNA ILMIAH FEBRIYANTI', 1, 'few3eP8SfPfbHrbBqlOr1KTckAaUhufFXZaHr2Ps', 1, 3, 1, '2023-10-25 21:12:39', '2023-10-25 21:12:39');
INSERT INTO `peserta` VALUES (34, 'ZAHRATUL LAELI', 1, 'W6gmARwQMzMo05hm4Rg50GLogCObAvLhpevdib8y', 1, 3, 1, '2023-10-25 21:12:39', '2023-10-25 21:12:39');
INSERT INTO `peserta` VALUES (35, 'AISYAH DIVA NADYA', 1, 'KeQIVhZWO1jFqwBmo7hUPuotspqWSXdoGnIxPXYP', 1, 4, 1, '2023-10-25 21:12:45', '2023-10-25 21:12:45');
INSERT INTO `peserta` VALUES (36, 'ALIKA ATTABILA', 1, 'fSuGKdspvTQCI19YIqqdfUJuTSNhS67IbzeR0Ql7', 1, 4, 1, '2023-10-25 21:12:45', '2023-10-25 21:12:45');
INSERT INTO `peserta` VALUES (37, 'AULIA PUTRI ANGRAINI', 1, 'nNQW8D0kjthvxNFb41nBBcsZ7nSkkbuOXWpwZ4Go', 1, 4, 1, '2023-10-25 21:12:45', '2023-10-25 21:12:45');
INSERT INTO `peserta` VALUES (38, 'BERLIANA FADHILA DWI WINDARTI', 1, 'qRCHCKl7K4svoMTKCHDpoLy0R3GP0gqgcvfnePUr', 1, 4, 1, '2023-10-25 21:12:45', '2023-10-25 21:12:45');
INSERT INTO `peserta` VALUES (39, 'DELVI NURUL FRANSISKA', 1, '2S5XhZPJg9ZxTDXQx2q1fvOTPTokpZtGF6rWPg1B', 1, 4, 1, '2023-10-25 21:12:45', '2023-10-25 21:12:45');
INSERT INTO `peserta` VALUES (40, 'DWI PUTRI RAMADHANI', 1, 'HxDecpZPhZmthTSiyNUfgF70VkTPf2UpNP4WPVW1', 1, 4, 1, '2023-10-25 21:12:45', '2023-10-25 21:12:45');
INSERT INTO `peserta` VALUES (41, 'FADILATUL NAFIAH', 1, 'gIoKQqchVkqKljnWqCV1tuBc93owSz1DNS8NVTBb', 1, 4, 1, '2023-10-25 21:12:45', '2023-10-25 21:12:45');
INSERT INTO `peserta` VALUES (42, 'FAJAR WAHYU NABILALSYAH', 1, 'NdGiysaSLkr3emuqGEzBtejIcqE0hvGnlsFdtz5P', 1, 4, 1, '2023-10-25 21:12:45', '2023-10-25 21:12:45');
INSERT INTO `peserta` VALUES (43, 'HALIMATUS ZUHRIYA', 1, 'nEKdZmHF6HAsRF4BHyWZqQcaYqTwnrzD5cejgOz8', 1, 4, 1, '2023-10-25 21:12:45', '2023-10-25 21:12:45');
INSERT INTO `peserta` VALUES (44, 'INTAN FAUZIYAH', 1, 'Ll9sQeSuiygfnzYbyEtMPuuzzybVA8yZe4YlYEQ9', 1, 4, 1, '2023-10-25 21:12:45', '2023-10-25 21:12:45');
INSERT INTO `peserta` VALUES (45, 'JHENIS SALSABILA RAMADANY', 1, 'KtAQ1lytHLhwK9IvQRKt2H3RMLIVSNom2f7px7XN', 1, 4, 1, '2023-10-25 21:12:45', '2023-10-25 21:12:45');
INSERT INTO `peserta` VALUES (46, 'MAULIDATUR RIZQOH IZZATURRAHMAH', 1, 'WLO6UbVSqXOqwg9AR9cxSfHYeowoMpDaHKV9PCJO', 1, 4, 1, '2023-10-25 21:12:45', '2023-10-25 21:12:45');
INSERT INTO `peserta` VALUES (47, 'MOCHAMMAD THESAR FEBRIAN', 1, 'TKL3IF7SbZKPeqNxxe7J4cREnYZLAZssRLXWC2oF', 1, 4, 1, '2023-10-25 21:12:45', '2023-10-25 21:12:45');
INSERT INTO `peserta` VALUES (48, 'MUHAMMAD ALI FAHMI', 1, 'lQF75N1QVn9pSznYcuUO72w82nNihlDBWX9eQ57i', 1, 4, 1, '2023-10-25 21:12:45', '2023-10-25 21:12:45');
INSERT INTO `peserta` VALUES (49, 'MUHAMMAD FARHAN HIDAYATULLAH', 1, '8SYVe8tXefaAXK9blm1vDlGTX1XxJpZCOF00ut0y', 1, 4, 1, '2023-10-25 21:12:45', '2023-10-25 21:12:45');
INSERT INTO `peserta` VALUES (50, 'MUHAMMAD RIDHO ILLAH', 1, 'DogjundSRqsParboGL96jvgtS2qdcYaGP92FLJgo', 1, 4, 1, '2023-10-25 21:12:45', '2023-10-25 21:12:45');
INSERT INTO `peserta` VALUES (51, 'NABILA DWI NOFIA MAHARANI', 1, 'PXfYktT3fAlZLDsKKmGfgCVBJZnyPDZLRsaEld4S', 1, 4, 1, '2023-10-25 21:12:45', '2023-10-25 21:12:45');
INSERT INTO `peserta` VALUES (52, 'NADINE NOKTA WIJAYA', 1, 'UEifdFnAv30ZVs7svRvSXfoyXV8egHK2zmI3n3tc', 1, 4, 1, '2023-10-25 21:12:45', '2023-10-25 21:12:45');
INSERT INTO `peserta` VALUES (53, 'NADYA KAYLA KHAYRUNNISA', 1, 'rpcg7to1czm1nhOb1pe68aoWh1aaAnVI8l6UGDAy', 1, 4, 1, '2023-10-25 21:12:45', '2023-10-25 21:12:45');
INSERT INTO `peserta` VALUES (54, 'NAYLATUL AFROH', 1, 'ofzKjWRCQtzm3wA54N4hQn5MPXRALYFk5oz7lcBZ', 1, 4, 1, '2023-10-25 21:12:45', '2023-10-25 21:12:45');
INSERT INTO `peserta` VALUES (55, 'NURIN NAJMA FAJRIAH', 1, 'cCW6j0OzPF4deDzk1ZZjBmLmLP6qjvRk9CGvpjk7', 1, 4, 1, '2023-10-25 21:12:45', '2023-10-25 21:12:45');
INSERT INTO `peserta` VALUES (56, 'RADYA CLARISA OKTARIA SAFITRI', 1, 'znTP09kd0uE0fr7Bimm8zvuGhO4GrZ1RjPjWkd95', 1, 4, 1, '2023-10-25 21:12:45', '2023-10-25 21:12:45');
INSERT INTO `peserta` VALUES (57, 'REVA ZAHRA EFENDI', 1, 'r9NMdBkJHL6oYGrEYtYau13pTHXsIB8WeijY7lr1', 1, 4, 1, '2023-10-25 21:12:45', '2023-10-25 21:12:45');
INSERT INTO `peserta` VALUES (58, 'RIKI ZAINUR RAHMAN', 1, 'Y8okDG77KfH56WAIqbUDjDjBAT8y5d6EfLmQ2lD5', 1, 4, 1, '2023-10-25 21:12:45', '2023-10-25 21:12:45');
INSERT INTO `peserta` VALUES (59, 'RIMANIAR PUTRI HERDANMI', 1, 'rXXd3wRulQOJflls1NOkNpph2zK2K3FegWy9NDri', 1, 4, 1, '2023-10-25 21:12:45', '2023-10-25 21:12:45');
INSERT INTO `peserta` VALUES (60, 'ROFIDATUL HASANAH', 1, 'xUPL10ae6R2Tmy8UJjTmbMZKssFGxDv1jmpXBJGR', 1, 4, 1, '2023-10-25 21:12:45', '2023-10-25 21:12:45');
INSERT INTO `peserta` VALUES (61, 'SAFINATUN NAFIAH', 1, 'Kfr4N8Rl9H3tDfV2QHMxrC5r0zUiXAPT250nMR2p', 1, 4, 1, '2023-10-25 21:12:45', '2023-10-25 21:12:45');
INSERT INTO `peserta` VALUES (62, 'SALSABILA AINUR ROHMAH', 1, 'LLMbkBzjoXWh60qYpGVoQH4t1PxX4T3lX8kafnty', 1, 4, 1, '2023-10-25 21:12:45', '2023-10-25 21:12:45');
INSERT INTO `peserta` VALUES (63, 'SERLY ANANDA TASYA', 1, '8hNFItKDCoKRhhZljNE4h5WQ1iqsSSh13ZdmAuuZ', 1, 4, 1, '2023-10-25 21:12:45', '2023-10-25 21:12:45');
INSERT INTO `peserta` VALUES (64, 'USTI BUNGA ULFI AINI', 1, 'nB5ccP7vuu4c8AzZv8mZaMG8k9mgnSmeUZPIjksY', 1, 4, 1, '2023-10-25 21:12:45', '2023-10-25 21:12:45');
INSERT INTO `peserta` VALUES (65, 'VIANTIKA AINUN SHOLEHAH', 1, '7b4Nsa04bIhxu06qIf6dXy7PVjrZadjnZlQFvK1I', 1, 4, 1, '2023-10-25 21:12:45', '2023-10-25 21:12:45');
INSERT INTO `peserta` VALUES (66, 'YULITA MEGA MEILANI', 1, 'SLUZVTTmcK0J8zZ3zvo9Z9a3OVqCtaFzeoGtKfc5', 1, 4, 1, '2023-10-25 21:12:45', '2023-10-25 21:12:45');
INSERT INTO `peserta` VALUES (67, 'YUSRO AMILIN HIKMAH', 1, 'ijaoTKdjbPX696szr9GkyDda4agzkOTBXEbF0pDN', 1, 4, 1, '2023-10-25 21:12:45', '2023-10-25 21:12:45');
INSERT INTO `peserta` VALUES (68, 'ADELIA AGUSTIN', 1, 'Y3WdUJoQMZ3kbbPad3iIVeWTLJC9B7dacpHtrG2y', 1, 6, 1, '2023-10-25 21:12:50', '2023-10-25 21:12:50');
INSERT INTO `peserta` VALUES (69, 'AMELIA QORIATUL JANNAH', 1, '4TVuMTmNnayAns5vcZOMvHu79UzVHVr1C7c0E1zt', 1, 6, 1, '2023-10-25 21:12:50', '2023-10-25 21:12:50');
INSERT INTO `peserta` VALUES (70, 'ANDINI RAHMAWATI', 1, 'fS3hPwb9eWcE0SWux4tM0aUUo1ltsl8IYrNX6fhJ', 1, 6, 1, '2023-10-25 21:12:50', '2023-10-25 21:12:50');
INSERT INTO `peserta` VALUES (71, 'ANDY PRATAMA', 1, 'AKlHOWaPzIIZsZo9nYIcjd0F9YZBU2KXsXiocfr2', 1, 6, 1, '2023-10-25 21:12:50', '2023-10-25 21:12:50');
INSERT INTO `peserta` VALUES (72, 'BUDI SATRIO', 1, 'MQftqkPUvGYTofqHQV93jjhHEMP3Cf1qi2mmok1X', 1, 6, 1, '2023-10-25 21:12:50', '2023-10-25 21:12:50');
INSERT INTO `peserta` VALUES (73, 'DYA AYU SULISTIORINI', 1, '8nSLFTjOmhgwBlDNGtEKXpr7JlUgUtn4ONNf4Qee', 1, 6, 1, '2023-10-25 21:12:50', '2023-10-25 21:12:50');
INSERT INTO `peserta` VALUES (74, 'FAYAD AGUSTIAN RIYADI', 1, 'pdGxMuVM93QOMR1hN0l1fG3hjX7DiCMViZrPab1x', 1, 6, 1, '2023-10-25 21:12:50', '2023-10-25 21:12:50');
INSERT INTO `peserta` VALUES (75, 'FITRI YUNITA NURFATIMAH', 1, '71Qj3Upo31XsJCwQYiU7Ym9bOnSpsXmaklglj36I', 1, 6, 1, '2023-10-25 21:12:50', '2023-10-25 21:12:50');
INSERT INTO `peserta` VALUES (76, 'HOLIFAH DINDA SARI', 1, 'EZ9UfzcVFd4HG9WvweVLWUqDUzPUTZZsE9AHAfGi', 1, 6, 1, '2023-10-25 21:12:50', '2023-10-25 21:12:50');
INSERT INTO `peserta` VALUES (77, 'IHWAN', 1, 'Cu1UACbXcFuF6aYilirlRmLQIsFBS2WVdgjCFKOk', 1, 6, 1, '2023-10-25 21:12:50', '2023-10-25 21:12:50');
INSERT INTO `peserta` VALUES (78, 'INTAN SULISYANI LUTFIYAH', 1, 'bl2z76goZAGqwXNI4LRT0mQRYjDOnL1QqfB87oYf', 1, 6, 1, '2023-10-25 21:12:50', '2023-10-25 21:12:50');
INSERT INTO `peserta` VALUES (79, 'M FAREL PRATAMA PUTRA', 1, 'dvszud5lCbXeuDdNT7TzR1xR02MXleDjltFRjlDd', 1, 6, 1, '2023-10-25 21:12:50', '2023-10-25 21:12:50');
INSERT INTO `peserta` VALUES (80, 'MELYSA AVITA SARI', 1, 'DgKS0qwfA4h5QyP6P94xhCh7AOCCfpWvZNFvdxPz', 1, 6, 1, '2023-10-25 21:12:50', '2023-10-25 21:12:50');
INSERT INTO `peserta` VALUES (81, 'MOCHAMMAD RIZKI', 1, '9d7Lyad55ZZ5EqvOb8eTc99E6SzkUKsvyYBLFMLi', 1, 6, 1, '2023-10-25 21:12:50', '2023-10-25 21:12:50');
INSERT INTO `peserta` VALUES (82, 'MOHAMMAD FADLAN', 1, 'T6G6r3fG394G4BfptRdHaPPc90qdGyXJi63fCj7p', 1, 6, 1, '2023-10-25 21:12:50', '2023-10-25 21:12:50');
INSERT INTO `peserta` VALUES (83, 'MOHAMMAD IHZAN BAHTIAR', 1, 'iINyIaBMsW0tWAxyA9JJKX9dbwWZ7hR2RkqQ2HlD', 1, 6, 1, '2023-10-25 21:12:50', '2023-10-25 21:12:50');
INSERT INTO `peserta` VALUES (84, 'MOHAMMAD VIGO SAPUTRA', 1, 'ig3alTDgczsrmlTv2rSiPnMLmj4ZicwDHZJXnXn2', 1, 6, 1, '2023-10-25 21:12:50', '2023-10-25 21:12:50');
INSERT INTO `peserta` VALUES (85, 'MUHAMMAD ARIL PRASETYO', 1, 'EVNd2O3U2CHAyu4UjUNzGD8R3JRjTsX8HMoPjU8e', 1, 6, 1, '2023-10-25 21:12:50', '2023-10-25 21:12:50');
INSERT INTO `peserta` VALUES (86, 'MUHAMMAD FAEZAL', 1, 'sZg1pWsqQAdINnHFiEhoLjEBgDyGh82oLJ48jh2f', 1, 6, 1, '2023-10-25 21:12:50', '2023-10-25 21:12:50');
INSERT INTO `peserta` VALUES (87, 'NABILATUL LAILY FADILAH', 1, 'TeYpYHEL67p3JuVCTM64RFHTIOTVvlx7Hrd2JTVl', 1, 6, 1, '2023-10-25 21:12:50', '2023-10-25 21:12:50');
INSERT INTO `peserta` VALUES (88, 'NAFISATUH KAMELA', 1, '8q2TPQJMcTzKfb5zRQtYf5HBFzXTcnarFgtDcHHL', 1, 6, 1, '2023-10-25 21:12:50', '2023-10-25 21:12:50');
INSERT INTO `peserta` VALUES (89, 'NOVITA JAMILATUL MAHIROH', 1, 'tFtM1dtEeSH9Ae4PneV0c80S31fNDPCunIR62iA8', 1, 6, 1, '2023-10-25 21:12:50', '2023-10-25 21:12:50');
INSERT INTO `peserta` VALUES (90, 'PUTRA ABU RIZAL ALGIFANI', 1, 'W96BumsEjsNlyPXZmNoBfC2fLgxWttggaEg8WQIr', 1, 6, 1, '2023-10-25 21:12:50', '2023-10-25 21:12:50');
INSERT INTO `peserta` VALUES (91, 'PUTRI NABILA HUWAIDA', 1, 'xrkjPhjlnZzvY9qxR6WIXhv2IzUuZ4AOtLQrgEpo', 1, 6, 1, '2023-10-25 21:12:50', '2023-10-25 21:12:50');
INSERT INTO `peserta` VALUES (92, 'REVAN TRI AGUS SUGIYANTO', 1, 'ytGOz9Pg6AfiA0qRp1Nvu8SrC7WPr4o96NB17B0E', 1, 6, 1, '2023-10-25 21:12:50', '2023-10-25 21:12:50');
INSERT INTO `peserta` VALUES (93, 'RIKO FATHU GUNAWAN', 1, 'UkNa2uHdB9u1qwCBCQfA16M7dbtPJapDm8KKDwhh', 1, 6, 1, '2023-10-25 21:12:50', '2023-10-25 21:12:50');
INSERT INTO `peserta` VALUES (94, 'ROBYATUL AMELIA RAMADHANI', 1, 'Up5njZZfqsFu954lFYquPTBZzvLL1z1YkPd41GQG', 1, 6, 1, '2023-10-25 21:12:50', '2023-10-25 21:12:50');
INSERT INTO `peserta` VALUES (95, 'ROFI`UL KHOIRI', 1, 'EGdhxxGfhUZCmbpwqI5dXHgZ921WXwbBzMgsFjSH', 1, 6, 1, '2023-10-25 21:12:50', '2023-10-25 21:12:50');
INSERT INTO `peserta` VALUES (96, 'SARIFAH', 1, 'd0p9SFAqGhCVts0RQKMqZBXSyL4hS7O0fJfLQX94', 1, 6, 1, '2023-10-25 21:12:50', '2023-10-25 21:12:50');
INSERT INTO `peserta` VALUES (97, 'SETIAWATI', 1, 'NkLUH0MO8hUmwG6S29e8T0v9Jx1eDzDLZuh7tFru', 1, 6, 1, '2023-10-25 21:12:50', '2023-10-25 21:12:50');
INSERT INTO `peserta` VALUES (98, 'SITTI HORRIYAH', 1, '2nrNbngAytSKGep2Ud9dYG6RRG2uoZTETHCOfDf3', 1, 6, 1, '2023-10-25 21:12:50', '2023-10-25 21:12:50');
INSERT INTO `peserta` VALUES (99, 'YUFIATUN HASANAH', 1, 'slWNWMngfV2AVzN9AsLNLHxBD0LE9e3NEtPJzI4E', 1, 6, 1, '2023-10-25 21:12:50', '2023-10-25 21:12:50');
INSERT INTO `peserta` VALUES (100, 'ADINDA AYU ISTIQOMAH', 1, 'Vmsa63i1j4KALb4gMYSxnXv9O6TotY0Lhz4oHNK2', 1, 7, 1, '2023-10-25 21:12:54', '2023-10-25 21:12:54');
INSERT INTO `peserta` VALUES (101, 'ANANDA MUSTIKA SARI', 1, 'Q32q9dr0VvaINIXQV6EdKYw8hQox9Kk2kaCNcxaW', 1, 7, 1, '2023-10-25 21:12:54', '2023-10-25 21:12:54');
INSERT INTO `peserta` VALUES (102, 'BAGAS SEPTIAWAN RAMADHANI', 1, 'qhx0JtOkZlJkiQdtP8DWUV47E6N3zk8nXAb6L6Oo', 1, 7, 1, '2023-10-25 21:12:54', '2023-10-25 21:12:54');
INSERT INTO `peserta` VALUES (103, 'CHELSEA BUNGA LESTARI', 1, 'bVJ68P8p9aIcKW10841ItxquTl4pO1ALnHXJ8bJp', 1, 7, 1, '2023-10-25 21:12:54', '2023-10-25 21:12:54');
INSERT INTO `peserta` VALUES (104, 'DIO ARDIANSYAH', 1, 'RTh0kD8hvrm8x5pykUnixDvlyJFGUpDAV1aeXF8Q', 1, 7, 1, '2023-10-25 21:12:54', '2023-10-25 21:12:54');
INSERT INTO `peserta` VALUES (105, 'FITA MITA AGUSTIN', 1, 'g9hpb71baTywtuDV9sHVVqgt7MXEWWOViBqvbn7Q', 1, 7, 1, '2023-10-25 21:12:54', '2023-10-25 21:12:54');
INSERT INTO `peserta` VALUES (106, 'FRISKA OKTAVIA', 1, 'ATx8eyHOiF63HwtLYk8uW3hQ3CxLjjHYqxHOI46w', 1, 7, 1, '2023-10-25 21:12:54', '2023-10-25 21:12:54');
INSERT INTO `peserta` VALUES (107, 'HAIRUL UMAM', 1, 'qlkkY6HqKvN40ZgpmZnVcup1SSxLgAVNPXUd4pkO', 1, 7, 1, '2023-10-25 21:12:54', '2023-10-25 21:12:54');
INSERT INTO `peserta` VALUES (108, 'INTAN SULISTIAWATI', 1, 'DXyEajfN59uwy9SX1pei3VkP6f7tzKfn4ftSeo8N', 1, 7, 1, '2023-10-25 21:12:54', '2023-10-25 21:12:54');
INSERT INTO `peserta` VALUES (109, 'ISMAIL RAHMADANI', 1, 'hh7JiScFBQ805QyP1IGAvwLtaycUtfLc7D5O1PCO', 1, 7, 1, '2023-10-25 21:12:54', '2023-10-25 21:12:54');
INSERT INTO `peserta` VALUES (110, 'KEYZA NUR MALINDA PUTRI', 1, 'S0cdQXI5xICJlbmpnTk41DRNH7BXxmqaBl8kCIsz', 1, 7, 1, '2023-10-25 21:12:54', '2023-10-25 21:12:54');
INSERT INTO `peserta` VALUES (111, 'MIA SALAFIAH', 1, 'cWE8ojq0GdVq7GF3HF0JZ7Hgv0a59GgpKKSRJuQQ', 1, 7, 1, '2023-10-25 21:12:54', '2023-10-25 21:12:54');
INSERT INTO `peserta` VALUES (112, 'MOCHAMMAD DWI ARDIANSYAH', 1, 'NBzVfRBijYaHOlzt0k0Rr4cW1dqFgfL6VFF5fwSE', 1, 7, 1, '2023-10-25 21:12:54', '2023-10-25 21:12:54');
INSERT INTO `peserta` VALUES (113, 'MOCHAMMAD ROYHAN THORIQ', 1, 'sDZmh4qOLmjenRfQO3FWB85IFr9AtgDAan7bRxb4', 1, 7, 1, '2023-10-25 21:12:54', '2023-10-25 21:12:54');
INSERT INTO `peserta` VALUES (114, 'MOHAMMAD FARIEL ARDIANSYAH', 1, 'oZhm1qyKdvuHJ4hWXq4FojkhGngd8HtBG3ovcRKX', 1, 7, 1, '2023-10-25 21:12:54', '2023-10-25 21:12:54');
INSERT INTO `peserta` VALUES (115, 'MOHAMMAD REZA ISWIYANTO', 1, 'dkNKZyqeQYN4xnYvMYS8wZlv6TBfhjYTJrb8g7aW', 1, 7, 1, '2023-10-25 21:12:54', '2023-10-25 21:12:54');
INSERT INTO `peserta` VALUES (116, 'MUHAMMAD ARDIANSYAH', 1, '2xEbJ9ydTBvnNswyOjVSDGjlwa6ZTApJ2c7fKuxO', 1, 7, 1, '2023-10-25 21:12:54', '2023-10-25 21:12:54');
INSERT INTO `peserta` VALUES (117, 'MUHAMMAD DHANIES AIDIL MUZAMMIL', 1, 'HOC1WUwCReUOGWfFYjJx9mYeyn1mg1ExZmjRwI6a', 1, 7, 1, '2023-10-25 21:12:54', '2023-10-25 21:12:54');
INSERT INTO `peserta` VALUES (118, 'MUHAMMAD RIAN', 1, 'duJDrhNhPMB3BKk1CJKKH2MhR4xAxYLuUHhL1R4w', 1, 7, 1, '2023-10-25 21:12:54', '2023-10-25 21:12:54');
INSERT INTO `peserta` VALUES (119, 'NAFINDA SYALWA AZZAHRA', 1, 'p0OBhPIhGrcZKiqejGSLcdU7sPYxhDevXvzBsePj', 1, 7, 1, '2023-10-25 21:12:54', '2023-10-25 21:12:54');
INSERT INTO `peserta` VALUES (120, 'NOVENDA KAMILIA WULANDARI', 1, 'TywuDWJPNW3kB28fpGH02x9zXe45lmB1Rcio549P', 1, 7, 1, '2023-10-25 21:12:54', '2023-10-25 21:12:54');
INSERT INTO `peserta` VALUES (121, 'NURIFATIN BARIROH', 1, 'Jh99FZa2l3UNfWijYSK2qLUE819QfApqK5EIvyUv', 1, 7, 1, '2023-10-25 21:12:54', '2023-10-25 21:12:54');
INSERT INTO `peserta` VALUES (122, 'RADITYA WAHYU NUGRAHA', 1, 'gfPWAskxcg0FmNsl16N63RTA9jVNWr86Fl4oWF36', 1, 7, 1, '2023-10-25 21:12:54', '2023-10-25 21:12:54');
INSERT INTO `peserta` VALUES (123, 'RAODATUL ULUM', 1, 'JU3nhiq3aAiObrq6Nl8aXOKjRxSfSxGR4lFMmPac', 1, 7, 1, '2023-10-25 21:12:54', '2023-10-25 21:12:54');
INSERT INTO `peserta` VALUES (124, 'RIDHO GUNAWAN', 1, '5l7TJ6sWF0CTt7PDQhuIuFEerkEjPMRncVyXbWLM', 1, 7, 1, '2023-10-25 21:12:54', '2023-10-25 21:12:54');
INSERT INTO `peserta` VALUES (125, 'ROBBY IRHAM FANANI', 1, 'VtLdAEmPbkbkI7xWe3z1VyTdZet57mj2gOUkTQXY', 1, 7, 1, '2023-10-25 21:12:54', '2023-10-25 21:12:54');
INSERT INTO `peserta` VALUES (126, 'SAFITRI NIA RAMADANI', 1, 'Gz2Ip6HyqbBzlduoNd18rxKBrF1ERQct3scKuUJh', 1, 7, 1, '2023-10-25 21:12:54', '2023-10-25 21:12:54');
INSERT INTO `peserta` VALUES (127, 'SEPTIA AYU ANGGRAENI', 1, 'tP9Hf1DS14bESmPebjO0uuMGaYLUI23Vc6j1wgmK', 1, 7, 1, '2023-10-25 21:12:54', '2023-10-25 21:12:54');
INSERT INTO `peserta` VALUES (128, 'SHINDY MEILINDA', 1, 'I5wR2X3j68ZXP8oQDL2f74LmQY22kgGDWLJtbwVC', 1, 7, 1, '2023-10-25 21:12:54', '2023-10-25 21:12:54');
INSERT INTO `peserta` VALUES (129, 'WILDA FIRDAUS SYARIFAH', 1, 'OsPdthaKwVO3H63HaSPCNMBDvDljGNXM2zePASZX', 1, 7, 1, '2023-10-25 21:12:54', '2023-10-25 21:12:54');
INSERT INTO `peserta` VALUES (130, 'ZAINATUL KIFTIYAH', 1, 'KgbxCOnJQrUQoe0NRueeKWoM6ZdaHWKUHUUCo6Vq', 1, 7, 1, '2023-10-25 21:12:54', '2023-10-25 21:12:54');
INSERT INTO `peserta` VALUES (131, 'AFIDAH HUSNIAH', 1, 'Vn9ak3A4PofdKLX8OsGi5XwZFmtBPFYW0UF6VqLd', 1, 10, 1, '2023-10-25 21:12:59', '2023-10-25 21:12:59');
INSERT INTO `peserta` VALUES (132, 'AMELIA PUTRI DWI REGITA', 1, 'DWUEAs3Z1lrJzfDrtggPqOlqO7lo1Jc4zCehFPVs', 1, 10, 1, '2023-10-25 21:12:59', '2023-10-25 21:12:59');
INSERT INTO `peserta` VALUES (133, 'ARIEF PRATAMA', 1, 'GhoWaOsJh4yeL6U5fUD2hdNxoKQKkdOkZuuuqNu8', 1, 10, 1, '2023-10-25 21:12:59', '2023-10-25 21:12:59');
INSERT INTO `peserta` VALUES (134, 'ARYAGUNA PHALOSA', 1, 'Vge06fZ0TCXZtMI1agBi7SxxxMcOVtPicCk5wGrP', 1, 10, 1, '2023-10-25 21:12:59', '2023-10-25 21:12:59');
INSERT INTO `peserta` VALUES (135, 'CACA NURDIANSYAH HENDRA SAPUTRA', 1, 'dS0RtdZlS5F6qKMjsxC9E7mIkgADusD8vGjkwPcC', 1, 10, 1, '2023-10-25 21:12:59', '2023-10-25 21:12:59');
INSERT INTO `peserta` VALUES (136, 'DAVIN ADITYA PUTRA PRATAMA', 1, '7fpHZjgy8aCskQXGBcCobw1txaz8Jt1xiXRK5ZVI', 1, 10, 1, '2023-10-25 21:12:59', '2023-10-25 21:12:59');
INSERT INTO `peserta` VALUES (137, 'DEFTIRA AYU MAHARANI', 1, 'ZAyBs0IQAqlN3MzJozvUVNq8dMCV3nQPYLoFqLLo', 1, 10, 1, '2023-10-25 21:12:59', '2023-10-25 21:12:59');
INSERT INTO `peserta` VALUES (138, 'DEVINA ZADHINE JATI ANGGRAENI', 1, '2X4ja8ejVPTBdW7aPEgThsDcT1iZMkdLl48DqOLC', 1, 10, 1, '2023-10-25 21:12:59', '2023-10-25 21:12:59');
INSERT INTO `peserta` VALUES (139, 'DEVITA WINDHI NOVARINI', 1, 'yvgBzsNs4NEQDekzz4iSvqrWBws4hlqYdcKvIhdC', 1, 10, 1, '2023-10-25 21:12:59', '2023-10-25 21:12:59');
INSERT INTO `peserta` VALUES (140, 'DHION WIBOWO', 1, 'BKZ2dTkBLrSYUm4TiDmz2fJfo8DxA66Uz70zAzYd', 1, 10, 1, '2023-10-25 21:12:59', '2023-10-25 21:12:59');
INSERT INTO `peserta` VALUES (141, 'DIVA DWI YULIA CHRISTANTI', 1, 'dHHPu0IZcbYxEDFVy7mjfxho7UxZ8FFnEMz02bDh', 1, 10, 1, '2023-10-25 21:12:59', '2023-10-25 21:12:59');
INSERT INTO `peserta` VALUES (142, 'DWI RANI ARTA', 1, 'xHx4NxnNmTTfr46ShSPSD3C5iUR7E3ue23teKStc', 1, 10, 1, '2023-10-25 21:12:59', '2023-10-25 21:12:59');
INSERT INTO `peserta` VALUES (143, 'DYLAN IRFANSYAH', 1, 'dZUZ3cIFZ2mtgicX0lisi6LOOtM3PYWNvcowxhgN', 1, 10, 1, '2023-10-25 21:12:59', '2023-10-25 21:12:59');
INSERT INTO `peserta` VALUES (144, 'FAISAL NUR RIEFDA RAHMAT', 1, 'PKMO2XzpgU7aH7Qkop6y1itarZAfXzFX41kU4rQa', 1, 10, 1, '2023-10-25 21:12:59', '2023-10-25 21:12:59');
INSERT INTO `peserta` VALUES (145, 'FIRKI RAMADHAN', 1, 'ALARIoMXpXfMB4vgM8gWba43O5yR2kdJEvOVJq7y', 1, 10, 1, '2023-10-25 21:12:59', '2023-10-25 21:12:59');
INSERT INTO `peserta` VALUES (146, 'HENGKY FIRMANSYAH', 1, 'c3hDOJuAmhcHLccMVoh9jkvuSxODpp26y9v82hs7', 1, 10, 1, '2023-10-25 21:12:59', '2023-10-25 21:12:59');
INSERT INTO `peserta` VALUES (147, 'HIDEHITO SHIMOJO', 1, 'BhsvDOl3CCglRAQOQtIpwyfHAvLuPXECIGAQlqPR', 1, 10, 1, '2023-10-25 21:12:59', '2023-10-25 21:12:59');
INSERT INTO `peserta` VALUES (148, 'HOSEN', 1, '63Kw2hucXtODkjN1CKWsfksstcIBejz5VnaxtBrH', 1, 10, 1, '2023-10-25 21:12:59', '2023-10-25 21:12:59');
INSERT INTO `peserta` VALUES (149, 'IMELDA ALMARETA', 1, '0UYqiTvA7mNv1qwg7UuSAsRKMs5Clt50xEHwkXMw', 1, 10, 1, '2023-10-25 21:12:59', '2023-10-25 21:12:59');
INSERT INTO `peserta` VALUES (150, 'JAFAR ASH SHADIQ', 1, 'xASSKTIiKrLn4f9vENl1YMOzGFme9L8lFWfCDSCB', 1, 10, 1, '2023-10-25 21:12:59', '2023-10-25 21:12:59');
INSERT INTO `peserta` VALUES (151, 'MOHAMAD TEGAR DWI PUTRA', 1, 'dq9YJA0LMT6NgW8qScX2sMVzBIzc5pKIo4XRnxqu', 1, 10, 1, '2023-10-25 21:12:59', '2023-10-25 21:12:59');
INSERT INTO `peserta` VALUES (152, 'MOHAMMAD RENGKUH ALAM', 1, 'xdn3YmW36VBbYtTiI7BVB3752sjrJhovSvFP3IFJ', 1, 10, 1, '2023-10-25 21:12:59', '2023-10-25 21:12:59');
INSERT INTO `peserta` VALUES (153, 'MUHAMMAD DANAR HERMAWAN', 1, 'SRllHwxuyPrRx2s17r8cEkjiaij4eizpiCVpUGvx', 1, 10, 1, '2023-10-25 21:12:59', '2023-10-25 21:12:59');
INSERT INTO `peserta` VALUES (154, 'MUHAMMAD GALIH NURIL HOLID', 1, 'LpoI4kWmBtDngy1WB6fPbDS11kF9Y3TGgmKDyTIl', 1, 10, 1, '2023-10-25 21:12:59', '2023-10-25 21:12:59');
INSERT INTO `peserta` VALUES (155, 'MUHAMMAD GIAN UDZRI SUSANTO', 1, '711xvvppQauxnPMewRMTirsV4FRjcZWTTIhV4xel', 1, 10, 1, '2023-10-25 21:12:59', '2023-10-25 21:12:59');
INSERT INTO `peserta` VALUES (156, 'MUHAMMAD KAFKA BIMA RODIALLAH', 1, 'iZn2jOqIk1IN80Ym9Q8LH0Txu1Kh1DWWZoIefTaI', 1, 10, 1, '2023-10-25 21:12:59', '2023-10-25 21:12:59');
INSERT INTO `peserta` VALUES (157, 'MUHAMMAD TEGUH MAULANA', 1, 'fmVY30PNxvXoXAW9s2eZp3Wy6QwcClxKCm8RpTrG', 1, 10, 1, '2023-10-25 21:12:59', '2023-10-25 21:12:59');
INSERT INTO `peserta` VALUES (158, 'NANCY PRAMESTY NADYA PUTRI', 1, 'QahVnbprlTjC69aLohlxil6S1VJT9gHS1DFj0gds', 1, 10, 1, '2023-10-25 21:12:59', '2023-10-25 21:12:59');
INSERT INTO `peserta` VALUES (159, 'NAYLA JAUZA FIKRIYAH', 1, 'kCDrUOKzQIvNUVskBPWXEEtJ8o7v7oRA2GhIWMns', 1, 10, 1, '2023-10-25 21:12:59', '2023-10-25 21:12:59');
INSERT INTO `peserta` VALUES (160, 'NOVIATUL HASANAH', 1, 'rsUXXVUSos7GVZHEbsZRt2cj4niasGJU1zgAz2cV', 1, 10, 1, '2023-10-25 21:12:59', '2023-10-25 21:12:59');
INSERT INTO `peserta` VALUES (161, 'RAFI BAHTIAR HIDAYAT', 1, 'xc2kQmUTZIn6CJkhhdMk7kcxS1xahNhGmhMhzedo', 1, 10, 1, '2023-10-25 21:12:59', '2023-10-25 21:12:59');
INSERT INTO `peserta` VALUES (162, 'SESY MAULIDA', 1, 'o8DSRoIiby0woLsD7KDknUpqfzp3wtwNvHDYVAqU', 1, 10, 1, '2023-10-25 21:12:59', '2023-10-25 21:12:59');
INSERT INTO `peserta` VALUES (163, 'SHAFA ANEIRA SALSABILLA', 1, 'aBLTwR9yA7csqf32T7jZEqQClUZTXfQf8cWgoE38', 1, 10, 1, '2023-10-25 21:12:59', '2023-10-25 21:12:59');
INSERT INTO `peserta` VALUES (164, 'SIRATNUR ACHMAD BINERO', 1, 'kmUWN6yfnpaX3wof0nqRxK04h0L3YkHGJntGvYXg', 1, 10, 1, '2023-10-25 21:12:59', '2023-10-25 21:12:59');
INSERT INTO `peserta` VALUES (165, 'WAHYU RAMADHANI PUTRA', 1, 'QLO2xeiSi4vvlMdZtiMwTZeQkoe3iJLy4PdbXU5C', 1, 10, 1, '2023-10-25 21:12:59', '2023-10-25 21:12:59');
INSERT INTO `peserta` VALUES (166, 'AFIN ADI MAULANA', 1, 'tPibJi5jWesmgMSctCWZvE1cb5REWf7Wwt0z7Xrm', 1, 11, 1, '2023-10-25 21:13:03', '2023-10-25 21:13:03');
INSERT INTO `peserta` VALUES (167, 'AILSA SAABIRAH SHAHNAZ ASAD', 1, 'gQzbz0gsh1jWxVmKP8lqdyvgNilAGARMD8ACYfKj', 1, 11, 1, '2023-10-25 21:13:03', '2023-10-25 21:13:03');
INSERT INTO `peserta` VALUES (168, 'ALFIAH ZAHRATUSSITAH', 1, 'mwxT7TwGeYzuGETWWlJULCpLlVzlnFC5kN7sqjWB', 1, 11, 1, '2023-10-25 21:13:03', '2023-10-25 21:13:03');
INSERT INTO `peserta` VALUES (169, 'DENDI WAHYUDI', 1, '0aXp91QWgQ8A9S1ux0ySqSsyAlVOBkhbq3BYOzuF', 1, 11, 1, '2023-10-25 21:13:03', '2023-10-25 21:13:03');
INSERT INTO `peserta` VALUES (170, 'DHANI FIRMANSYAH', 1, 'lnjfyJFOByJfHveSKwhH8nfSrvSgQ6uyPQgUpmDA', 1, 11, 1, '2023-10-25 21:13:03', '2023-10-25 21:13:03');
INSERT INTO `peserta` VALUES (171, 'DIKI SINARJAYA SAPUTRA', 1, 'SglvJ1WvxUbXA6dEWjUOj3hpEBMUjxwClGX4nksq', 1, 11, 1, '2023-10-25 21:13:03', '2023-10-25 21:13:03');
INSERT INTO `peserta` VALUES (172, 'FALIH IBATULLAH', 1, '00yeekU1VHknFBjGZVwHCoZ50SQ2TyCZgT866JNQ', 1, 11, 1, '2023-10-25 21:13:03', '2023-10-25 21:13:03');
INSERT INTO `peserta` VALUES (173, 'HAIDAR', 1, 'bo4pY1Eb925YPHpzc4VMKQEOw2lesQrJeHurBGjc', 1, 11, 1, '2023-10-25 21:13:03', '2023-10-25 21:13:03');
INSERT INTO `peserta` VALUES (174, 'HUSEN FADLULLAH', 1, 'VIf7TOYGZjB1JJqBPhD6AXdQlcLejfuNli6DdLMR', 1, 11, 1, '2023-10-25 21:13:03', '2023-10-25 21:13:03');
INSERT INTO `peserta` VALUES (175, 'JEVON ISLAMY RAYSENDRYAN', 1, 'cAoI6Bgo6mRv67AEbGQ68s1D3z1LPTmEgsswQmLB', 1, 11, 1, '2023-10-25 21:13:03', '2023-10-25 21:13:03');
INSERT INTO `peserta` VALUES (176, 'LINDA VITRIANI', 1, 'EBflSMfpJt9lqvD9h79jgfgEXTpHP49Vk0Iemnop', 1, 11, 1, '2023-10-25 21:13:03', '2023-10-25 21:13:03');
INSERT INTO `peserta` VALUES (177, 'M FAREL AL FARISI', 1, '4CfTh05hRh7gvvl1o6C0yOO1SvKu8IHWfvUQgJs5', 1, 11, 1, '2023-10-25 21:13:03', '2023-10-25 21:13:03');
INSERT INTO `peserta` VALUES (178, 'M HIDAYATULLAH', 1, 'CZYeZNVDyMqoNQF4QWvgvmTQOBDmfGN8Osw4F2wj', 1, 11, 1, '2023-10-25 21:13:03', '2023-10-25 21:13:03');
INSERT INTO `peserta` VALUES (179, 'MAHESA ADANI SATRIA PRIBADI', 1, 'goKxZXPdiVGVSEwzhqKVyIwUucBW9FaowgskW1Wf', 1, 11, 1, '2023-10-25 21:13:03', '2023-10-25 21:13:03');
INSERT INTO `peserta` VALUES (180, 'MUHAMAD RISKI RAMADHONI', 1, 'UnhsAqPWYYXhEoKLYZ57kIkJ8muKfDjHr1ynlXRq', 1, 11, 1, '2023-10-25 21:13:03', '2023-10-25 21:13:03');
INSERT INTO `peserta` VALUES (181, 'MUHAMMAD FADILURROHMAN', 1, 'HVewgcSdig1ydwsDrQpp4cFoZ1B6XKqGYkdZbgqQ', 1, 11, 1, '2023-10-25 21:13:03', '2023-10-25 21:13:03');
INSERT INTO `peserta` VALUES (182, 'MUHAMMAD FALDI IRWANSYAH', 1, 'BnKoNVhhOIMM7c9gkIE8AU1cCHQlwBewkL4Qn7lS', 1, 11, 1, '2023-10-25 21:13:03', '2023-10-25 21:13:03');
INSERT INTO `peserta` VALUES (183, 'MUHAMMAD FARIEL APRILYANTO', 1, '951Ff7n18ZE9WVztJUN3ICjmSZtF6FwCIxdYlrAu', 1, 11, 1, '2023-10-25 21:13:03', '2023-10-25 21:13:03');
INSERT INTO `peserta` VALUES (184, 'MUHAMMAD GILANG RAMADANI', 1, 'q4G86oVRhxcoySVlDh6YPgiuESlQs0UdQUlLO9SJ', 1, 11, 1, '2023-10-25 21:13:03', '2023-10-25 21:13:03');
INSERT INTO `peserta` VALUES (185, 'MUHAMMAD TEGAR PRAYOGI', 1, 'fTxSbmQKNtzVQcO21GARwHkCmItMBpf32tgkPguw', 1, 11, 1, '2023-10-25 21:13:03', '2023-10-25 21:13:03');
INSERT INTO `peserta` VALUES (186, 'NINSIATUN NUR FADILAH', 1, 's17Dw3QPns5iFqrQUJDhli71BcPV0FtogA3dZKoz', 1, 11, 1, '2023-10-25 21:13:03', '2023-10-25 21:13:03');
INSERT INTO `peserta` VALUES (187, 'NOVITASARI', 1, 'jZSte76F2EOeMtiwqaczODTKwOSDn9Tza43FxGt9', 1, 11, 1, '2023-10-25 21:13:03', '2023-10-25 21:13:03');
INSERT INTO `peserta` VALUES (188, 'NUVAL PUTRA PRATAMA', 1, 'W7CIf2PacntgFbFoDQ08qse1gVN2d6SkhpPTrny6', 1, 11, 1, '2023-10-25 21:13:03', '2023-10-25 21:13:03');
INSERT INTO `peserta` VALUES (189, 'PUTRI MAYLENI KHOIRUNNISA', 1, 'LCpKYuXOt2rwW1KQHVFXiBRuQqWPiVITcG6e0E1i', 1, 11, 1, '2023-10-25 21:13:03', '2023-10-25 21:13:03');
INSERT INTO `peserta` VALUES (190, 'REVA REGYA RADITA RASYID', 1, '6CHQU9pW4jBjLtIIcTH6XAVbg8BiK8DoISdLGdc4', 1, 11, 1, '2023-10-25 21:13:03', '2023-10-25 21:13:03');
INSERT INTO `peserta` VALUES (191, 'RIVALINA CINTYA DEWI', 1, '0zQSB5BUvIHtREhGGVHEX2qcGwpttTyplTqacP0K', 1, 11, 1, '2023-10-25 21:13:03', '2023-10-25 21:13:03');
INSERT INTO `peserta` VALUES (192, 'ROSSA APRILIAN CANDRA', 1, 'bhAKOvRmQBGS6E33Ch6HpubLMYCdtjPXr5LUPErH', 1, 11, 1, '2023-10-25 21:13:03', '2023-10-25 21:13:03');
INSERT INTO `peserta` VALUES (193, 'SABILATUL ISLAMIYAH', 1, 'wfOg6zbIIriPrEpCLOlfdqKVmSqiKAcvyrnOfh83', 1, 11, 1, '2023-10-25 21:13:03', '2023-10-25 21:13:03');
INSERT INTO `peserta` VALUES (194, 'SISKA WULANDARI', 1, 'QWhl5iSwBnE7XPbR24bxDX8aR5a8eM5n2hlVzVqS', 1, 11, 1, '2023-10-25 21:13:03', '2023-10-25 21:13:03');
INSERT INTO `peserta` VALUES (195, 'SITI HOLIMATUS SAKDIYAH', 1, 'UPskNKFR7nb9jreBTcg1JjMcJ7nCfd18hggoyCTn', 1, 11, 1, '2023-10-25 21:13:03', '2023-10-25 21:13:03');
INSERT INTO `peserta` VALUES (196, 'TEGAR JAYA RAMADHAN', 1, 'xnGIZ0ZLvPxxqjdDwWxCFS4cQKnOsnO06B2MFcXv', 1, 11, 1, '2023-10-25 21:13:03', '2023-10-25 21:13:03');
INSERT INTO `peserta` VALUES (197, 'WILDAN PRATAMA WAHYUDI', 1, 'xnfrxtTwgVtmWzpJRceuiq3XqfmPkrmmbXnzCBD7', 1, 11, 1, '2023-10-25 21:13:03', '2023-10-25 21:13:03');
INSERT INTO `peserta` VALUES (198, 'YUDHA DWI JULIAN TARUNA', 1, '8sMCdaBOExYsIpJLjJwgf94QdCchI8xpvDxEdITp', 1, 11, 1, '2023-10-25 21:13:03', '2023-10-25 21:13:03');
INSERT INTO `peserta` VALUES (199, 'ZHAMEER BHAZHAMKHAN ALI', 1, '73iSi5V8G2KF3fKu4qCTGqQ5HhLYYWdGELuzBtDB', 1, 11, 1, '2023-10-25 21:13:03', '2023-10-25 21:13:03');
INSERT INTO `peserta` VALUES (200, 'ABDIA LUTFIANTI', 1, 'lUTwXWiFwcHORZ7ioyDG6qSiVgUV8y1hKabWaqHD', 1, 5, 1, '2023-10-25 21:13:07', '2023-10-25 21:13:07');
INSERT INTO `peserta` VALUES (201, 'ACHMAD DEDEK PUTRA HARDIANSAH', 1, 'BYSHalrM7l3RsHLryTfZ819M9yDfTYKdwmwQdvt3', 1, 5, 1, '2023-10-25 21:13:07', '2023-10-25 21:13:07');
INSERT INTO `peserta` VALUES (202, 'ANI WARDAYANTI', 1, 'ympuYcLVojYVnLWj54EIB64VwlrWBY8OA5N9zQCV', 1, 5, 1, '2023-10-25 21:13:07', '2023-10-25 21:13:07');
INSERT INTO `peserta` VALUES (203, 'AURELIA NATASYA SALSABILA', 1, 'AbsrER0JQAmD7HZsu2ygWKyo05HfD32o80ZpaDV0', 1, 5, 1, '2023-10-25 21:13:07', '2023-10-25 21:13:07');
INSERT INTO `peserta` VALUES (204, 'CAROLINA SULFAH BERNESSA', 1, 'NXjuX2HANLkzZRF8uz39sWsz7rG3oSxBteTBpkZ2', 1, 5, 1, '2023-10-25 21:13:07', '2023-10-25 21:13:07');
INSERT INTO `peserta` VALUES (205, 'CINDYA FAUZIYATUL KAMILAH', 1, 'NMXryC2B2aBE9M5yhMnF7ZqlBOJTpWfYJ8fctK2W', 1, 5, 1, '2023-10-25 21:13:07', '2023-10-25 21:13:07');
INSERT INTO `peserta` VALUES (206, 'DEVI ANNISAUSSHOLIHAH', 1, '23VaKtS9b1jgisqJmMeIakvSqJz8nLDwVMiXejl6', 1, 5, 1, '2023-10-25 21:13:07', '2023-10-25 21:13:07');
INSERT INTO `peserta` VALUES (207, 'DEWI NUR AYU', 1, 'oozNvnOOlwe7Zn2Xkp5V0on4BUNX1YOdlHllTDY1', 1, 5, 1, '2023-10-25 21:13:07', '2023-10-25 21:13:07');
INSERT INTO `peserta` VALUES (208, 'EVY SUSILOWATI', 1, 'Czbk0sRNcfR4zf3tLcmmqhyYF39mpU6HMj0r005t', 1, 5, 1, '2023-10-25 21:13:07', '2023-10-25 21:13:07');
INSERT INTO `peserta` VALUES (209, 'FAHRI EFENDI', 1, '2kql8w1BZsrfKOnkP5MUzi3JByMcvJB5x1sN9pci', 1, 5, 1, '2023-10-25 21:13:07', '2023-10-25 21:13:07');
INSERT INTO `peserta` VALUES (210, 'FATIMAH DIAN SAFIRA', 1, 'lWTMpzgwcO7WmCjgVYu3RrhLR9PN25lhGDg7yVjZ', 1, 5, 1, '2023-10-25 21:13:07', '2023-10-25 21:13:07');
INSERT INTO `peserta` VALUES (211, 'FINA RIFHATUN', 1, 'kvDgXQ3mTUGf82n2ANM055GavbzqfsUwETum6zAC', 1, 5, 1, '2023-10-25 21:13:07', '2023-10-25 21:13:07');
INSERT INTO `peserta` VALUES (212, 'FITRI NUR FAISYAH', 1, 'yyf4jQoeGsdbJenYzgwyuSRztNsZGilvlkyjcrl3', 1, 5, 1, '2023-10-25 21:13:07', '2023-10-25 21:13:07');
INSERT INTO `peserta` VALUES (213, 'IMILDA NOFI ANDIRA', 1, 'im1cZEKNKbjo7PI2mxO8D2O6nB34h0ssvi4TeUR9', 1, 5, 1, '2023-10-25 21:13:07', '2023-10-25 21:13:07');
INSERT INTO `peserta` VALUES (214, 'KARINA EFFENDI', 1, 'BqFgfVvz6iUQt6m844lzviM6yLRXANwZoJBYtiIF', 1, 5, 1, '2023-10-25 21:13:07', '2023-10-25 21:13:07');
INSERT INTO `peserta` VALUES (215, 'KIRANA GALUH PRATIWI SANTONO', 1, 'CuEVkrps2Nm6lWYNY0DE3E2KJnvkNfM9br6Io1fv', 1, 5, 1, '2023-10-25 21:13:07', '2023-10-25 21:13:07');
INSERT INTO `peserta` VALUES (216, 'KIRANI AJENG LARASATI SANTONO', 1, 'qMgZUSAdKuJXbWmOnQKBlpu3fcVs5WzXRXJ5P2G6', 1, 5, 1, '2023-10-25 21:13:07', '2023-10-25 21:13:07');
INSERT INTO `peserta` VALUES (217, 'LISA AMILIYA', 1, 'ValzGZzSe3OASPB5bjBLOcoR4Ip969gBtfGBkN08', 1, 5, 1, '2023-10-25 21:13:07', '2023-10-25 21:13:07');
INSERT INTO `peserta` VALUES (218, 'MARCHELA PUTRI AGUSTIN', 1, 'jwkVRrKLhLgFuuAruBXvxWevBdBtCxOKYoxlIjbR', 1, 5, 1, '2023-10-25 21:13:07', '2023-10-25 21:13:07');
INSERT INTO `peserta` VALUES (219, 'MERY AMELIA WIDAYANTI', 1, 'Of75wqIOIwl4om4ubPIwDuh9zpAGmUqTMv8JQsXf', 1, 5, 1, '2023-10-25 21:13:07', '2023-10-25 21:13:07');
INSERT INTO `peserta` VALUES (220, 'MY KAYLA NAJMIL FIRDAUSIH', 1, 'NzTvTWL4jUgs4kkJV9IrJJKk7dGJnN5GO7AWOFCR', 1, 5, 1, '2023-10-25 21:13:07', '2023-10-25 21:13:07');
INSERT INTO `peserta` VALUES (221, 'NABILA CANDRA DWI ANGGRAINI', 1, '82GqN3r7niQGw0MTyZoLvJEVj6VWGHkBq6RqRVVf', 1, 5, 1, '2023-10-25 21:13:07', '2023-10-25 21:13:07');
INSERT INTO `peserta` VALUES (222, 'NUR RESTI AMELIA', 1, 'AQJ5t9YBiE2aiSQGt0h2ZEFUcxqIjgx7cTUZF3U5', 1, 5, 1, '2023-10-25 21:13:07', '2023-10-25 21:13:07');
INSERT INTO `peserta` VALUES (223, 'OKI RAMADANI', 1, '4XPRoNuTrWi3UREzqry8cPyUFUv4exFkazaPNavN', 1, 5, 1, '2023-10-25 21:13:07', '2023-10-25 21:13:07');
INSERT INTO `peserta` VALUES (224, 'RIA RAHMADHANI AGUSTIN', 1, 'CDFoLFc6OBKMoytXSgTD4QAoGnnOK2yLvXVC3beY', 1, 5, 1, '2023-10-25 21:13:07', '2023-10-25 21:13:07');
INSERT INTO `peserta` VALUES (225, 'SAFIRA APRILLIA PUTRI AZZAHRA', 1, 'y7HBxNytkt8a4sUwySxZP4syQeojX6w2zu8o5yPD', 1, 5, 1, '2023-10-25 21:13:07', '2023-10-25 21:13:07');
INSERT INTO `peserta` VALUES (226, 'SHINTYA DWI VERGITA', 1, '0YXcBuOp1zYQCLcY0q1FXvWzTwHymMT6vm3G9sTb', 1, 5, 1, '2023-10-25 21:13:07', '2023-10-25 21:13:07');
INSERT INTO `peserta` VALUES (227, 'SINTA AMELIA', 1, 'Oh4BGzxv0F8UBh6X6bpi2VGolB8F4GX7zm5L9v1N', 1, 5, 1, '2023-10-25 21:13:07', '2023-10-25 21:13:07');
INSERT INTO `peserta` VALUES (228, 'SITI FAHRIA', 1, 'VXSj6IGJWhg71WZ3UEfQh1l3FkDL0ABLqiHOfvva', 1, 5, 1, '2023-10-25 21:13:07', '2023-10-25 21:13:07');
INSERT INTO `peserta` VALUES (229, 'SITI NUR HASANAH', 1, 'c9guJKp7xTZmEMibSO5svn8h18r16T31fMED71wP', 1, 5, 1, '2023-10-25 21:13:07', '2023-10-25 21:13:07');
INSERT INTO `peserta` VALUES (230, 'TIARA SALSHA LAURA BILA', 1, 'om52EuNdG8w4TslhURuYYt86ysnPjxcXCtEZZF9b', 1, 5, 1, '2023-10-25 21:13:07', '2023-10-25 21:13:07');
INSERT INTO `peserta` VALUES (231, 'WULAN ROBIAL', 1, 'ClH63lMFNF67l7BM2htYNqCUiems5Y05JHUDZsZp', 1, 5, 1, '2023-10-25 21:13:07', '2023-10-25 21:13:07');
INSERT INTO `peserta` VALUES (232, 'YULYTA DELLA SABRINA EKA PUTRI', 1, 'MShZjDkHvFUugePYqW5r1MLY4AiB9yoaC6ZzEqnk', 1, 5, 1, '2023-10-25 21:13:07', '2023-10-25 21:13:07');
INSERT INTO `peserta` VALUES (233, 'ADITYA FIRMANSYAH', 1, 'zqOPBfWohdHvjWgzu3ZmBm4yFi65g83UvtLEx39X', 1, 1, 1, '2023-10-25 21:13:12', '2023-10-25 21:13:12');
INSERT INTO `peserta` VALUES (234, 'ALIN IZZANTIKA DEWI', 1, 'V5MzRxbfXZ7G8YoemkFF6zOi0gdeVmWnQHABhqWm', 1, 1, 1, '2023-10-25 21:13:12', '2023-10-25 21:13:12');
INSERT INTO `peserta` VALUES (235, 'AMELIA ARTALITA PUTRI', 1, 'UAjlQEBIuax1heVd4GM4Gb09eVhkyFcxv5aFjVq5', 1, 1, 1, '2023-10-25 21:13:12', '2023-10-25 21:13:12');
INSERT INTO `peserta` VALUES (236, 'AMELIA ROSIDI', 1, '6ihJkjEHfCJxfVYjSrNUijGTrBjSn6ijb4jNx14y', 1, 1, 1, '2023-10-25 21:13:12', '2023-10-25 21:13:12');
INSERT INTO `peserta` VALUES (237, 'ANINDYA CANTIKA KUSUMA DEWI', 1, 'IPtL8OVxmu4MmR6LqPY106Fjzrgvs6LfcwelC5HZ', 1, 1, 1, '2023-10-25 21:13:12', '2023-10-25 21:13:12');
INSERT INTO `peserta` VALUES (238, 'AZORA VARODISIL AFIFAH', 1, 'iSlDQ6ywnY7T7DntnOo16NrPLGLc1igTa74NchiG', 1, 1, 1, '2023-10-25 21:13:12', '2023-10-25 21:13:12');
INSERT INTO `peserta` VALUES (239, 'CYNDI FATIHA RIZKI', 1, '07IwP0hKj8TsGiufIuVZGngKeSXgcVn9T6K4IzdQ', 1, 1, 1, '2023-10-25 21:13:12', '2023-10-25 21:13:12');
INSERT INTO `peserta` VALUES (240, 'DEWI ANGGUN PARAMITHA', 1, 'hHYP7RYlJWP5ps4Vm2iWwxxOYhOMAKddBv9nC6DT', 1, 1, 1, '2023-10-25 21:13:12', '2023-10-25 21:13:12');
INSERT INTO `peserta` VALUES (241, 'DWI CAHYA RAMADHAN', 1, 'c2yOmUzMNqd6QrjrXjHKP3J5QTxuyl3ec3SUQCrw', 1, 1, 1, '2023-10-25 21:13:12', '2023-10-25 21:13:12');
INSERT INTO `peserta` VALUES (242, 'EKA NURUL ISTIQOMAH', 1, 'HNLuc7QeQykCY0btbSpfHiJZJAieyqaBGmVzUMdW', 1, 1, 1, '2023-10-25 21:13:12', '2023-10-25 21:13:12');
INSERT INTO `peserta` VALUES (243, 'FRANSISKA NADIA ANANDA', 1, 'YmwSIuLI019a9HsqsibxeP9Ys5VM5Np1Oy3QTn0z', 1, 1, 1, '2023-10-25 21:13:12', '2023-10-25 21:13:12');
INSERT INTO `peserta` VALUES (244, 'HAIRUL UMAM', 1, 'PR9yzuR1S4S81lptjVYsxCon7mpHYUViBYyt7FHa', 1, 1, 1, '2023-10-25 21:13:12', '2023-10-25 21:13:12');
INSERT INTO `peserta` VALUES (245, 'KALINGGA ALODIA KHAIRANI', 1, 'j7xaTL4HeePMLWUgsw83FbL3Y5ItCr1cNazPdJ3Y', 1, 1, 1, '2023-10-25 21:13:12', '2023-10-25 21:13:12');
INSERT INTO `peserta` VALUES (246, 'KEZIA DYRA MALVANIA', 1, 'Kv9KtpXoYchs9X5Yxr2GCSzGRhqmWHElLtj4BFay', 1, 1, 1, '2023-10-25 21:13:12', '2023-10-25 21:13:12');
INSERT INTO `peserta` VALUES (247, 'KHAULAH RIZKI ARINI', 1, 'OzNYChLFDYtjteyJTIOXSgquZs2Ei5yhNmKgl9Po', 1, 1, 1, '2023-10-25 21:13:12', '2023-10-25 21:13:12');
INSERT INTO `peserta` VALUES (248, 'LUTFIANA AZIZAH', 1, 'waJAq9YsNoLpMpyXsumIkzYZ2sr48u5fv84vqIoo', 1, 1, 1, '2023-10-25 21:13:12', '2023-10-25 21:13:12');
INSERT INTO `peserta` VALUES (249, 'MALIKA EMA ELYSIA', 1, '5vAuYYWPzFXYSQXecVfmxZCErCtEJcvzHImKV918', 1, 1, 1, '2023-10-25 21:13:12', '2023-10-25 21:13:12');
INSERT INTO `peserta` VALUES (250, 'MAULIDINA APRILIA', 1, 'n2dbCAXaqxO8UlyHwdJSevA3HMqIT7mzTKVx0ABB', 1, 1, 1, '2023-10-25 21:13:12', '2023-10-25 21:13:12');
INSERT INTO `peserta` VALUES (251, 'MUHAMMAD ZAINAL ABDI HUSNI', 1, 'Ai0uHAe8yQZbGR9iZl0dNpqla1kPRvSOnWvcSu68', 1, 1, 1, '2023-10-25 21:13:12', '2023-10-25 21:13:12');
INSERT INTO `peserta` VALUES (252, 'NABILA EKA SAPHIRA', 1, 'WuRX9Cq1SjMOuF8vUSuBkCopYMU5vWYAyAO8Dfrl', 1, 1, 1, '2023-10-25 21:13:12', '2023-10-25 21:13:12');
INSERT INTO `peserta` VALUES (253, 'NOVA YUNIA ANGGRAINIE', 1, 'kjJFaKE4cInmDL6wavehATNdxfumf15IzRRfhKuC', 1, 1, 1, '2023-10-25 21:13:12', '2023-10-25 21:13:12');
INSERT INTO `peserta` VALUES (254, 'NUR HASANAH', 1, 'lnKN0BKvrz9s4003yethD52zylxHBx5Ww9NrDXX1', 1, 1, 1, '2023-10-25 21:13:12', '2023-10-25 21:13:12');
INSERT INTO `peserta` VALUES (255, 'RATIH YUANITA PERMATASARI', 1, 'JGX5KyXfdaoe0hyBeFCRQTUN7YHZq1llWFhGgHtc', 1, 1, 1, '2023-10-25 21:13:12', '2023-10-25 21:13:12');
INSERT INTO `peserta` VALUES (256, 'RENO ADITIYA SAPUTRA', 1, 'KYuzy7DRVYyfjMrK2mDvFft1qNLSKZvNRZnkoCgp', 1, 1, 1, '2023-10-25 21:13:12', '2023-10-25 21:13:12');
INSERT INTO `peserta` VALUES (257, 'RIKO TRIAN SAPUTRA', 1, 'UFiK9zf3iw9Zqyvoz7uZ8iV6gPJddBK3N5BtD11N', 1, 1, 1, '2023-10-25 21:13:12', '2023-10-25 21:13:12');
INSERT INTO `peserta` VALUES (258, 'RISYA ADINDA AGUSTIN', 1, 'wjTWVypoPCaVnwqPcALV5W30XDF3kndsEYADtd56', 1, 1, 1, '2023-10-25 21:13:12', '2023-10-25 21:13:12');
INSERT INTO `peserta` VALUES (259, 'SERIL TRI WAHYUNI', 1, 'W5dSViKkwRGNrqxsXcFhEsApp4trWLLzZKJfZUSQ', 1, 1, 1, '2023-10-25 21:13:12', '2023-10-25 21:13:12');
INSERT INTO `peserta` VALUES (260, 'SILVIRA WIDAYANTI', 1, 'B4hyGB2qWcw3rQQPdaDiduwvG7tN9XL4rQehdQOU', 1, 1, 1, '2023-10-25 21:13:12', '2023-10-25 21:13:12');
INSERT INTO `peserta` VALUES (261, 'SINDI NOVELIA PUTRI', 1, 'PTQFLVQWb1ZjVwmJy5JTP5yYDAsB48WvuDRYBYog', 1, 1, 1, '2023-10-25 21:13:12', '2023-10-25 21:13:12');
INSERT INTO `peserta` VALUES (262, 'SITI FARIDA', 1, 'NKMxIsEfqTT8kN4RnjuWpgXbQhqhNLn2TZLWL62A', 1, 1, 1, '2023-10-25 21:13:12', '2023-10-25 21:13:12');
INSERT INTO `peserta` VALUES (263, 'SITI NUR SALSABILA', 1, 'PZ9JQC63fdlOzIfkFo9PMtEqZF5bOOsuG5cvVeVO', 1, 1, 1, '2023-10-25 21:13:12', '2023-10-25 21:13:12');
INSERT INTO `peserta` VALUES (264, 'SYAHRINA MAYSA SAABIRA', 1, 'qzv6iN5j2jHvlrOrFqQAgyzUOsMBZnCDgCUOSNrh', 1, 1, 1, '2023-10-25 21:13:12', '2023-10-25 21:13:12');
INSERT INTO `peserta` VALUES (265, 'WIWIN KURNIASIH', 1, 'P1m9zCBGzYuRui5G5QjyZaZ7HJGV5a0lWwHZluhp', 1, 1, 1, '2023-10-25 21:13:12', '2023-10-25 21:13:12');
INSERT INTO `peserta` VALUES (266, 'AIDA KURNIA RAHMAWATI', 1, 'fNQJbhPVE9XVNW3PFnXWGHnGvQVrfBRCjkHF5JBC', 1, 2, 1, '2023-10-25 21:13:17', '2023-10-25 21:13:17');
INSERT INTO `peserta` VALUES (267, 'AMANDA DINI SAPUTRI', 1, '7tJ6NFJ3PxNlISiGdqUvH1EOpXSq59mT3TyE7t9p', 1, 2, 1, '2023-10-25 21:13:17', '2023-10-25 21:13:17');
INSERT INTO `peserta` VALUES (268, 'AMELIA ROSDIANA NINGSIH', 1, 'ulIxXFrHfy3dvdF14spA1cXXR7ashquSwowokdqP', 1, 2, 1, '2023-10-25 21:13:17', '2023-10-25 21:13:17');
INSERT INTO `peserta` VALUES (269, 'ANDIKA PRATAMA MAULANA ISMAIL', 1, '2JinFQx8N7MjeYd8exPGhA1MLE9X71NmyXcok6rv', 1, 2, 1, '2023-10-25 21:13:17', '2023-10-25 21:13:17');
INSERT INTO `peserta` VALUES (270, 'ANGGIE ALIFIA KURNIA', 1, 'Kg9J9vItP3WuILg8jbbE59PNDWGwOaXVw5Bjk8IS', 1, 2, 1, '2023-10-25 21:13:17', '2023-10-25 21:13:17');
INSERT INTO `peserta` VALUES (271, 'AULIA ANDINI', 1, '2od4xGFfs8UbLL34W2Uezg5xpov0KaF68vscJX5p', 1, 2, 1, '2023-10-25 21:13:17', '2023-10-25 21:13:17');
INSERT INTO `peserta` VALUES (272, 'CHELSILIA DEWI AYU KIRANA', 1, '1K2xJpVdxh124GDygN8joBYJYf1XQzkn3K5Jg3eC', 1, 2, 1, '2023-10-25 21:13:17', '2023-10-25 21:13:17');
INSERT INTO `peserta` VALUES (273, 'DELHICYETA ARGADYA BRILYANTINE', 1, 'VxMrKcWJvnJlMD2rBKkAquhajFQvTtYQt7csLXz4', 1, 2, 1, '2023-10-25 21:13:17', '2023-10-25 21:13:17');
INSERT INTO `peserta` VALUES (274, 'DIANA FIRDAUSIAH', 1, 'Eo7SG6bY6jPFMvwPjhqDHEvG5VSYS48Nx4ij15AX', 1, 2, 1, '2023-10-25 21:13:17', '2023-10-25 21:13:17');
INSERT INTO `peserta` VALUES (275, 'FAIRUZ SYIFA RAGIL DEWANTARI', 1, '2tMx9f39kuUCkSaejKstTUfsTWAImhpFNzPyvqBO', 1, 2, 1, '2023-10-25 21:13:17', '2023-10-25 21:13:17');
INSERT INTO `peserta` VALUES (276, 'GATOT HENDRO PRAWIRO', 1, 'y2kYNmwk13OoOVmWoOwlQlNp1PnkDRPUSO2GOXfy', 1, 2, 1, '2023-10-25 21:13:17', '2023-10-25 21:13:17');
INSERT INTO `peserta` VALUES (277, 'HILMAH RISKI', 1, 'rzYj2rY0whLP4JhXx5JAH9gctXNpdC5tneSHyzdO', 1, 2, 1, '2023-10-25 21:13:17', '2023-10-25 21:13:17');
INSERT INTO `peserta` VALUES (278, 'KEYSHA PUTRI DANIELA', 1, 'AVzfQvOw5XEgykruLw1HOP2E1b24aGsltMz9uuxe', 1, 2, 1, '2023-10-25 21:13:17', '2023-10-25 21:13:17');
INSERT INTO `peserta` VALUES (279, 'KHAIRUN NISAK', 1, 'y4bSgHzjcXkTpcDJhV7mNWDOYAt9OmAagIVJOYKS', 1, 2, 1, '2023-10-25 21:13:17', '2023-10-25 21:13:17');
INSERT INTO `peserta` VALUES (280, 'LATIFAH RISKI RAHAYU', 1, 'sFQRES1vHQ4TNbG4JYA2m6U5b6z0LxdswMQXLzw4', 1, 2, 1, '2023-10-25 21:13:17', '2023-10-25 21:13:17');
INSERT INTO `peserta` VALUES (281, 'MAELI ZULFATUR RAMADHANTI', 1, 'ixPWKPOYjcr0TgbXaxtT2JnyscyG1mPpuPcq9gwo', 1, 2, 1, '2023-10-25 21:13:17', '2023-10-25 21:13:17');
INSERT INTO `peserta` VALUES (282, 'MARLA OCTA VIOLA', 1, 'JQsrf13U6Bcr8RvKPBLiwSpslljPdhFqexMoUPBN', 1, 2, 1, '2023-10-25 21:13:17', '2023-10-25 21:13:17');
INSERT INTO `peserta` VALUES (283, 'MAULINA AMELIA PUTRI', 1, 'ju7RhBCMeMyX6Nx4TjXoMvtDWyR3939iUOCNQ3iI', 1, 2, 1, '2023-10-25 21:13:17', '2023-10-25 21:13:17');
INSERT INTO `peserta` VALUES (284, 'MUHAMMAD ADITYA WIJAYA', 1, 'RKmkXMxgGM4tnJV4VGwrUYz2zyio5Aqkmn7C4Oh6', 1, 2, 1, '2023-10-25 21:13:17', '2023-10-25 21:13:17');
INSERT INTO `peserta` VALUES (285, 'NABIL HUSNUL MURAD', 1, 'ZuHDBlcq8nHxWohvDvpdnMqO1oHnatFvku7i0BsK', 1, 2, 1, '2023-10-25 21:13:17', '2023-10-25 21:13:17');
INSERT INTO `peserta` VALUES (286, 'NATASHA ZATHIFATUL AINI', 1, 'biyTxVRk5x15uJaoVlhkzMzuGihNXmpQypslYiD1', 1, 2, 1, '2023-10-25 21:13:17', '2023-10-25 21:13:17');
INSERT INTO `peserta` VALUES (287, 'NOVITA AYU WIDYA SANESTY', 1, 'zdfV2bgMBzjuTaLceA2f2PYsb8RBCYKgf9X8EO7s', 1, 2, 1, '2023-10-25 21:13:17', '2023-10-25 21:13:17');
INSERT INTO `peserta` VALUES (288, 'PUTRI NOVITASARI', 1, 'H7MLl1yeZuWVRTUyWbol4l76sHZLrKYSlbV1t235', 1, 2, 1, '2023-10-25 21:13:17', '2023-10-25 21:13:17');
INSERT INTO `peserta` VALUES (289, 'REZA AULIA FEBRIANTI', 1, '1fa1dIqHWNYdque7RU3G98chbSYSRWXfVcMBWABs', 1, 2, 1, '2023-10-25 21:13:17', '2023-10-25 21:13:17');
INSERT INTO `peserta` VALUES (290, 'RHAMADHANI DWIRISKY GUSTIAWAN', 1, '0krrZSM3Qi6gbedthIP9rGx0T04FbKNhLbFrPiJu', 1, 2, 1, '2023-10-25 21:13:17', '2023-10-25 21:13:17');
INSERT INTO `peserta` VALUES (291, 'SASY KIRANA WIDYAPARAMITA', 1, 'ueB5I6RdYH22gCDivtp4Yaalkw7jir4gdoPokaL9', 1, 2, 1, '2023-10-25 21:13:17', '2023-10-25 21:13:17');
INSERT INTO `peserta` VALUES (292, 'SILVIA MAYLANI PUTRI DEWI', 1, 'N3ylqGO8qKNvMbnaNIgNxTe7IUZSmKO8Qj6vzR0y', 1, 2, 1, '2023-10-25 21:13:17', '2023-10-25 21:13:17');
INSERT INTO `peserta` VALUES (293, 'SILVIYA OCTHA PUTRI EFFENDHI', 1, 'rw3Kzg7dL8zCQuUUFkhJ1twACPSclJrhzqVMpRfe', 1, 2, 1, '2023-10-25 21:13:17', '2023-10-25 21:13:17');
INSERT INTO `peserta` VALUES (294, 'SISILIA OKTARIA', 1, 'sl2FQ98tr4fCy9SbGrstcQ6jxlAopRdqaNlEBv7Z', 1, 2, 1, '2023-10-25 21:13:17', '2023-10-25 21:13:17');
INSERT INTO `peserta` VALUES (295, 'SITI INARATU DUJA', 1, '42YaGoz7zJ88EEUYMIv1th96i6GXz61206H5nkmF', 1, 2, 1, '2023-10-25 21:13:17', '2023-10-25 21:13:17');
INSERT INTO `peserta` VALUES (296, 'SITTI KARINA SILFA', 1, 'IuX0IzLCCxIyZUgVQYehv7mnFTxL72K1de5wM3yo', 1, 2, 1, '2023-10-25 21:13:17', '2023-10-25 21:13:17');
INSERT INTO `peserta` VALUES (297, 'WINDA DAMAIANTI', 1, 'DEeefQMQoq4BhFEhriZzBneeW3lWygKAlNxc9kvt', 1, 2, 1, '2023-10-25 21:13:17', '2023-10-25 21:13:17');
INSERT INTO `peserta` VALUES (298, 'ABIMANYU', 1, 'Gyf6efH2KrDrJHROGylPZ6oyX8ZXeW72OmTyqy94', 1, 14, 1, '2023-10-25 21:13:23', '2023-10-25 21:13:23');
INSERT INTO `peserta` VALUES (299, 'ACHMAD BASOFIE WIBOWO', 1, 'r4BnaF3qcnIa3jF7GZmTgww6S3ee83Ri9najk80g', 1, 14, 1, '2023-10-25 21:13:23', '2023-10-25 21:13:23');
INSERT INTO `peserta` VALUES (300, 'ALIN ALAINA ABADIYAH', 1, 'YdLf2FsZjNXyvF1PazR8LmLZSKILZPfAdnTbdzEE', 1, 14, 1, '2023-10-25 21:13:23', '2023-10-25 21:13:23');
INSERT INTO `peserta` VALUES (301, 'ANDIKA DWI PERMANA', 1, 'k2nMmtyj1Fw5POl312rsGBcyKqit8JFczJKBag9e', 1, 14, 1, '2023-10-25 21:13:23', '2023-10-25 21:13:23');
INSERT INTO `peserta` VALUES (302, 'ANDY SATRIA', 1, 'KOJOjjx9T7fHK3heDOFsXKOlykVhkzLsFDRReTz1', 1, 14, 1, '2023-10-25 21:13:23', '2023-10-25 21:13:23');
INSERT INTO `peserta` VALUES (303, 'CHIKA PUTRI KURNIAWAN', 1, 'C1xP4C8IskpRYnAA763fj294Pg7hCa1qQGp1i8Nz', 1, 14, 1, '2023-10-25 21:13:23', '2023-10-25 21:13:23');
INSERT INTO `peserta` VALUES (304, 'DENI MAULANA RIZKI', 1, 'xaMfGQKXrsLCeVHvxbUVite5rYgmLcvFRCjrR6cG', 1, 14, 1, '2023-10-25 21:13:23', '2023-10-25 21:13:23');
INSERT INTO `peserta` VALUES (305, 'DEWI OKTA FITRI', 1, 'zz71RIafiB8EOXMKHJVsqIyI2fPfq5T6tskW25nS', 1, 14, 1, '2023-10-25 21:13:23', '2023-10-25 21:13:23');
INSERT INTO `peserta` VALUES (306, 'DEWIKA FIBRIANTI', 1, 'mtnFOTj0PAscD6oJ1AtUjh90FyjM3QBCBPHZA6HZ', 1, 14, 1, '2023-10-25 21:13:23', '2023-10-25 21:13:23');
INSERT INTO `peserta` VALUES (307, 'FAIDATUL KARIMAH', 1, '20AGJGmj11QmF8QuFAhLnB2NaTVTEPtXJeCsAehd', 1, 14, 1, '2023-10-25 21:13:23', '2023-10-25 21:13:23');
INSERT INTO `peserta` VALUES (308, 'FARHAN ABDILLAH', 1, 'SgzSA29BZNqRnhaFytPRyZ0CyQvV985tdxRNlTzD', 1, 14, 1, '2023-10-25 21:13:23', '2023-10-25 21:13:23');
INSERT INTO `peserta` VALUES (309, 'FEBRIYAN PUTRA WIJAYA', 1, 'pP7WJgnzTBttL3IPdx0i5RZZy9aghgL5wkW8IcG7', 1, 14, 1, '2023-10-25 21:13:23', '2023-10-25 21:13:23');
INSERT INTO `peserta` VALUES (310, 'FIKA ALIFIA ERFINA', 1, 'V2mVd8aRoLptRYRwSoVyr7eoKlOUM9W7KoBCf5ss', 1, 14, 1, '2023-10-25 21:13:23', '2023-10-25 21:13:23');
INSERT INTO `peserta` VALUES (311, 'FITRI KURNIAWATI', 1, 'zfj2Y486GB8LLZJCLVn81Lyv5P3vu823ZFAPN8v0', 1, 14, 1, '2023-10-25 21:13:23', '2023-10-25 21:13:23');
INSERT INTO `peserta` VALUES (312, 'HAIKAL RIZKY NOVALDY', 1, 'hblqtldGlWj1hX9oG5YLduMKeVr3aTh6ROggCOW9', 1, 14, 1, '2023-10-25 21:13:23', '2023-10-25 21:13:23');
INSERT INTO `peserta` VALUES (313, 'KEVIN RIVALDI ARDIANSYAH', 1, 'zEO6pRWj7JjgnplpHAZy71aoU5uZPfBH8H4IceVb', 1, 14, 1, '2023-10-25 21:13:23', '2023-10-25 21:13:23');
INSERT INTO `peserta` VALUES (314, 'KHOIRUL ANAM', 1, '6eI8c6pDBCyBoN3bfPMRBB6JkhJljwKfRXUsFUt0', 1, 14, 1, '2023-10-25 21:13:23', '2023-10-25 21:13:23');
INSERT INTO `peserta` VALUES (315, 'M STIO PUTRA WARDANA', 1, 'uLgA7YyVGXiWA6zdtqfr2B5U3nI13k7oqSLcdfWF', 1, 14, 1, '2023-10-25 21:13:23', '2023-10-25 21:13:23');
INSERT INTO `peserta` VALUES (316, 'MIYA OKTAFIYA', 1, 'X9LvRNUe7du7MzmgBBMI1TxduWa9kYyEVxpAuNxd', 1, 14, 1, '2023-10-25 21:13:23', '2023-10-25 21:13:23');
INSERT INTO `peserta` VALUES (317, 'MOCHAMMAD AINNUR RAMADHAN', 1, 'e9CnlPHiQdVI5iIx5SQ6BEZglBqz8o8dob4yRv92', 1, 14, 1, '2023-10-25 21:13:23', '2023-10-25 21:13:23');
INSERT INTO `peserta` VALUES (318, 'MOHAMMAD ILHAM RAHMATULLAH', 1, 'ydFtMOjEEl7IJCt3dvqML9vA5aMQ8Gm9asgjYa60', 1, 14, 1, '2023-10-25 21:13:23', '2023-10-25 21:13:23');
INSERT INTO `peserta` VALUES (319, 'MUHAMMAD ARIEF RAMADHANI', 1, 'aBS4Z47PBMpnxCq0LugFFfiDXAEmNhRngLDj0WVh', 1, 14, 1, '2023-10-25 21:13:23', '2023-10-25 21:13:23');
INSERT INTO `peserta` VALUES (320, 'MUHAMMAD FARCHAN AL IDRIS', 1, 'EHnSQfSGQK9x2xtybJO1uNa3cX9QKKubA8xzVc8k', 1, 14, 1, '2023-10-25 21:13:23', '2023-10-25 21:13:23');
INSERT INTO `peserta` VALUES (321, 'MUHAMMAD FIKRI FIRDAUS', 1, 'EgjwV28acgZecOaVMNbaVOc7RoJpmESAF0md0cJ8', 1, 14, 1, '2023-10-25 21:13:23', '2023-10-25 21:13:23');
INSERT INTO `peserta` VALUES (322, 'MUHAMMAD GUNTUR', 1, 'ApEt12wVp0WkIXzEHsA1NUARBQCFt68pQQehCiHj', 1, 14, 1, '2023-10-25 21:13:23', '2023-10-25 21:13:23');
INSERT INTO `peserta` VALUES (323, 'MUHAMMAD RIFA', 1, 'E2dfHCR9vYc9TcCifdsbo4m3fVFbVC4EahMSGe3J', 1, 14, 1, '2023-10-25 21:13:23', '2023-10-25 21:13:23');
INSERT INTO `peserta` VALUES (324, 'MUHAMMAD RIVAN AFFANDY', 1, 'rXwbYOAfX6rg1KDEWi4kJ0Wv3abjlbEJouye7P5x', 1, 14, 1, '2023-10-25 21:13:23', '2023-10-25 21:13:23');
INSERT INTO `peserta` VALUES (325, 'MUHAMMAD WILDAN FARDHANI', 1, 'y7c3Mgnh81xNzRSOwSTuPAxwhur4kcDYsJCNb7uf', 1, 14, 1, '2023-10-25 21:13:23', '2023-10-25 21:13:23');
INSERT INTO `peserta` VALUES (326, 'NURUL FIKRI', 1, 'Srm4NefNK7UoTJcG8JEoM0OqNEkEg0BOyus2BtEP', 1, 14, 1, '2023-10-25 21:13:23', '2023-10-25 21:13:23');
INSERT INTO `peserta` VALUES (327, 'RAFI NURUL HIDAYAH', 1, 'hgmfyCaQ5pZFjfIkp49MfMri5bORdIbSkRtlaCZI', 1, 14, 1, '2023-10-25 21:13:23', '2023-10-25 21:13:23');
INSERT INTO `peserta` VALUES (328, 'RIVAN MEISYAH HIKMAL', 1, 'ooMTvNK3cBkJBPDCg9lDSqvmRHeozTyAyltjR3ai', 1, 14, 1, '2023-10-25 21:13:23', '2023-10-25 21:13:23');
INSERT INTO `peserta` VALUES (329, 'SAEDANI CAHYA HERDIYANTO', 1, 'F9h7whMnuCwiFp4QUt8pqFeJ8Okij3GfkXpTb4TZ', 1, 14, 1, '2023-10-25 21:13:23', '2023-10-25 21:13:23');
INSERT INTO `peserta` VALUES (330, 'SITI NUR FADILAH', 1, 'YtY7q5SDBxaUIC2AL1so2n68dQ56mf7yxMmS0W3i', 1, 14, 1, '2023-10-25 21:13:23', '2023-10-25 21:13:23');
INSERT INTO `peserta` VALUES (331, 'SYIFA SYULUSYUL IZKI', 1, 'FKsot2CUa5jNPoCdhPesrn7UTeSJZNbxpqpzo590', 1, 14, 1, '2023-10-25 21:13:23', '2023-10-25 21:13:23');
INSERT INTO `peserta` VALUES (332, 'ABHISTA ARMEDIO BAMBANG PUTRA PRATAMA', 1, 'MLsN2Vk0EJ48GxObsUdEELev4NZOEVuvtKEXajOW', 1, 12, 1, '2023-10-25 21:13:39', '2023-10-25 21:13:39');
INSERT INTO `peserta` VALUES (333, 'ACHMADA RAMA AFIAN MAULANA', 1, 'mEnXccwUwR2ZoE9srOCEp20t2z0cdG96DkB8HJKB', 1, 12, 1, '2023-10-25 21:13:39', '2023-10-25 21:13:39');
INSERT INTO `peserta` VALUES (334, 'AHZARIA FEBRYN AUERELLA', 1, '5S8jFaijwkVRYKF81ub6ThRucrfnypcP2JSn66oy', 1, 12, 1, '2023-10-25 21:13:39', '2023-10-25 21:13:39');
INSERT INTO `peserta` VALUES (335, 'AKSAL FADILAH', 1, 'lTr1GI7zelJrMBtGZZu1VxknVXsyKvOeS3LFw60L', 1, 12, 1, '2023-10-25 21:13:39', '2023-10-25 21:13:39');
INSERT INTO `peserta` VALUES (336, 'AL-ZORA AULIA PUTRA HARTONO', 1, 'NW9QDe8U9pDeNVCE6d1QsqcXw5YpxfUgDmyhRic2', 1, 12, 1, '2023-10-25 21:13:39', '2023-10-25 21:13:39');
INSERT INTO `peserta` VALUES (337, 'ANGGUN CITRA DEWI', 1, '1LTlWPzWLHnm2msKIj8v7yTJaCjAJQskxUCGrTc4', 1, 12, 1, '2023-10-25 21:13:39', '2023-10-25 21:13:39');
INSERT INTO `peserta` VALUES (338, 'AZZAHRO SAFITRI', 1, '6ljt1WQXepJ8Mij23wHVZMihn9cxUJQhPLrVOe56', 1, 12, 1, '2023-10-25 21:13:39', '2023-10-25 21:13:39');
INSERT INTO `peserta` VALUES (339, 'BIMA ANGGARA PUTRA', 1, 'GYEeUHzzJwPEjDKN40HIQhVEDuL9Yr5jVazbMoGC', 1, 12, 1, '2023-10-25 21:13:39', '2023-10-25 21:13:39');
INSERT INTO `peserta` VALUES (340, 'BIMO FAIS PRAKOSO', 1, 'dDidF8lv0DjNmjw23fjJnPRgRYqEUbW4M9tJnRE5', 1, 12, 1, '2023-10-25 21:13:39', '2023-10-25 21:13:39');
INSERT INTO `peserta` VALUES (341, 'BINTANG AGUSTIANO EFFENDY', 1, 'QKKlDcGSWt5PylGXYknSzWPPW7jwI2XpApHcTGEu', 1, 12, 1, '2023-10-25 21:13:39', '2023-10-25 21:13:39');
INSERT INTO `peserta` VALUES (342, 'BINTANG ZULVI ANSHORI', 1, 'EUfPaecycsxDcuy7T5ymOob09px6Upp6oFmLO1qS', 1, 12, 1, '2023-10-25 21:13:39', '2023-10-25 21:13:39');
INSERT INTO `peserta` VALUES (343, 'DAVA AGISTYAN', 1, 'Ku5pPoE2psgfQJB5mqpMUT9R3JAWxniBFRgxehYZ', 1, 12, 1, '2023-10-25 21:13:39', '2023-10-25 21:13:39');
INSERT INTO `peserta` VALUES (344, 'DIMAS FEBRIANSYAH', 1, 'ENYZwu7D5Jt2A85PMlDdioORxQWENyso15a9InGk', 1, 12, 1, '2023-10-25 21:13:39', '2023-10-25 21:13:39');
INSERT INTO `peserta` VALUES (345, 'FADLURRAHMAN AFIF IZZUHAQ', 1, 'VaazMOCUmJYZ1K4ITaQpzhaaPkuFWOqL7zgKIRHR', 1, 12, 1, '2023-10-25 21:13:39', '2023-10-25 21:13:39');
INSERT INTO `peserta` VALUES (346, 'FAITH RIZQI RISMANTO', 1, 'JTxlmU5eUxnv4vseAdxYDxJGWqHWxwasOkrmHBy8', 1, 12, 1, '2023-10-25 21:13:39', '2023-10-25 21:13:39');
INSERT INTO `peserta` VALUES (347, 'FIRSTY MAYLISHA PUTRI', 1, 'XfW0234DMeXtVpVrWILemDpvu8noEnu3c8DLN5fn', 1, 12, 1, '2023-10-25 21:13:39', '2023-10-25 21:13:39');
INSERT INTO `peserta` VALUES (348, 'GENIUS ISLAH PRASASTI', 1, 'PBHCgxCuwS741AMBHWWlcomGI93NIRYrH5GncMpZ', 1, 12, 1, '2023-10-25 21:13:39', '2023-10-25 21:13:39');
INSERT INTO `peserta` VALUES (349, 'JOSO MONTAHA ADITYA PRATAMA', 1, 'bYjchLfyFXEFIclsuTCDSARt1sqQ6BRg57qb7D3t', 1, 12, 1, '2023-10-25 21:13:39', '2023-10-25 21:13:39');
INSERT INTO `peserta` VALUES (350, 'JULIA DONITA SAFITRI', 1, 'VyX0y1UPWDCDw7w3EdXct6nt6NmUHwb080XOBY1D', 1, 12, 1, '2023-10-25 21:13:39', '2023-10-25 21:13:39');
INSERT INTO `peserta` VALUES (351, 'KEVIND RADHITYA WICAKSONO', 1, 'GcIV4phAxSq0VD4Vftbu1Ga56ecXbjV1xTELtHhR', 1, 12, 1, '2023-10-25 21:13:39', '2023-10-25 21:13:39');
INSERT INTO `peserta` VALUES (352, 'KEYVANO RIFQI ANDRIANSYAH', 1, '6vUzMe8r44bcdmkm0BD2QWVPBwzfTjfUg9o12YWz', 1, 12, 1, '2023-10-25 21:13:39', '2023-10-25 21:13:39');
INSERT INTO `peserta` VALUES (353, 'MOCHAMMAD GIBRAN JALALLUDIN YUSUF', 1, 'y5EA4Zk5vXw1bx5M7XS21qYDbJrg14AvT4F8pFWJ', 1, 12, 1, '2023-10-25 21:13:39', '2023-10-25 21:13:39');
INSERT INTO `peserta` VALUES (354, 'MOHAMMAD RIVALDO DWI MAULANA', 1, 'UuGm2MNOWNQvWEUPYIhoL97MMjtSboCvN2xpDhmC', 1, 12, 1, '2023-10-25 21:13:39', '2023-10-25 21:13:39');
INSERT INTO `peserta` VALUES (355, 'MOHAMMAD SAIFUL GALANG', 1, 'zk5Uvb4kL7OEXt7hnneRDLqX4ej3VMFyR2LlpzW7', 1, 12, 1, '2023-10-25 21:13:39', '2023-10-25 21:13:39');
INSERT INTO `peserta` VALUES (356, 'MUHAMMAD IRWANSYAH', 1, 'xeAofpzZi8foci24pEatWL5CCCXhG7Ssd9WG6pCo', 1, 12, 1, '2023-10-25 21:13:39', '2023-10-25 21:13:39');
INSERT INTO `peserta` VALUES (357, 'MUHAMMAD SEPTIANUR ROMADHON', 1, 'RPhoDwE92UrXL0PTMRz0645lmxvsnynJsDyo2TDS', 1, 12, 1, '2023-10-25 21:13:39', '2023-10-25 21:13:39');
INSERT INTO `peserta` VALUES (358, 'NICHOLAS CHRISTIAN DIANTO', 1, 'hs4lpiD7B4hTU5r6iyldRklZh5mk40oGtU2FhNNY', 1, 12, 1, '2023-10-25 21:13:39', '2023-10-25 21:13:39');
INSERT INTO `peserta` VALUES (359, 'NOUVAL SYAHPUTRA', 1, 'YExb1PCjCZd94ECL1zi9cn9ucWu10ZIRero0hJTJ', 1, 12, 1, '2023-10-25 21:13:39', '2023-10-25 21:13:39');
INSERT INTO `peserta` VALUES (360, 'NUR ISKANDAR WIJAYA ANUGRAH', 1, 'XZdL9BwWn5pJzL4lzuPW60iz6G1ZjKta5JsPEier', 1, 12, 1, '2023-10-25 21:13:39', '2023-10-25 21:13:39');
INSERT INTO `peserta` VALUES (361, 'REIHAN ADITIYA', 1, 'omXRLOOsASeCot4oSU61mBskTVsAUagrtGv91S41', 1, 12, 1, '2023-10-25 21:13:39', '2023-10-25 21:13:39');
INSERT INTO `peserta` VALUES (362, 'RUDI SYAUQI ABDUR ROZAQ', 1, 'LUPwAjZDu7Z0hspTwxbJe1JSPPdkP2X87TlgPAiG', 1, 12, 1, '2023-10-25 21:13:39', '2023-10-25 21:13:39');
INSERT INTO `peserta` VALUES (363, 'SEPTA ILHAM RAMADHANI', 1, 'P4u177bgeYftPxyqVzPQgOXDSeo4qYH511vNEiyS', 1, 12, 1, '2023-10-25 21:13:39', '2023-10-25 21:13:39');
INSERT INTO `peserta` VALUES (364, 'WAHYU ARI AJI DWI WARDANA', 1, 'dHOkr2WnwkscfPuJVj2C7HWvhNXQl9U0JvtJItYN', 1, 12, 1, '2023-10-25 21:13:39', '2023-10-25 21:13:39');
INSERT INTO `peserta` VALUES (365, 'ZACKY ZIDANE', 1, 'KUaEPbvIclt2IHYZb4ljLAqMpfMdu7g0LqFs7Kak', 1, 12, 1, '2023-10-25 21:13:39', '2023-10-25 21:13:39');
INSERT INTO `peserta` VALUES (366, 'ZAYYAN DAVIN PRANAJA', 1, '9tkwsodEGyeZh8KKwnqwagzEfvVn1Bdgxj6ecLZb', 1, 12, 1, '2023-10-25 21:13:39', '2023-10-25 21:13:39');
INSERT INTO `peserta` VALUES (367, 'ZULVY AKMAL FIRDAUS', 1, '1jvVRoWO4hm1eow95kec8sLV2MYtTXjGz15H8Vmh', 1, 12, 1, '2023-10-25 21:13:39', '2023-10-25 21:13:39');
INSERT INTO `peserta` VALUES (368, 'ABU ALIF ALMALIKI MAULIDANI', 1, 'R7ys6tmVV7nHenG2GA50RXQ6GNnNmUyQWLKfeiNK', 1, 8, 1, '2023-10-25 21:13:49', '2023-10-25 21:13:49');
INSERT INTO `peserta` VALUES (369, 'ACHMAD FAUZI EFENDI', 1, 'AIiJTPqygWKKbkMtDqpOHpctAEMaArACdTT7SrsV', 1, 8, 1, '2023-10-25 21:13:49', '2023-10-25 21:13:49');
INSERT INTO `peserta` VALUES (370, 'ADITYA RAMADHAN', 1, 'r5nXVZBc5wMQmOBzWfpAsRlpCYE9VcKcJxG1NSMs', 1, 8, 1, '2023-10-25 21:13:49', '2023-10-25 21:13:49');
INSERT INTO `peserta` VALUES (371, 'AHMAD DHONI', 1, 'PWABdFgRykDsgimFH7K5hW7pDUueMVCnTGKbPER7', 1, 8, 1, '2023-10-25 21:13:49', '2023-10-25 21:13:49');
INSERT INTO `peserta` VALUES (372, 'ALAIN JAMES LAY', 1, 'dS8hfenMXOIMK8pQb15UB4lQapXr8HuXhjZECnq9', 1, 8, 1, '2023-10-25 21:13:49', '2023-10-25 21:13:49');
INSERT INTO `peserta` VALUES (373, 'ALFIN MAULANA', 1, 'bn8TkBJrXqtFUP5q1GECpUt7Q5YNKf1HUFbB6pt0', 1, 8, 1, '2023-10-25 21:13:49', '2023-10-25 21:13:49');
INSERT INTO `peserta` VALUES (374, 'ANDIKA APRILIANSAH', 1, 'tf7zq6Pgyx7BtHER3FsAoywyZfdsxv49ests8Cn5', 1, 8, 1, '2023-10-25 21:13:49', '2023-10-25 21:13:49');
INSERT INTO `peserta` VALUES (375, 'APRIANSYAH MANDALA PUTRA', 1, 'qH8ArWN4jLwTPVuqjA6ovJNsVIvTHH6oIK90EJJ1', 1, 8, 1, '2023-10-25 21:13:49', '2023-10-25 21:13:49');
INSERT INTO `peserta` VALUES (376, 'BAGUS ROBI ANANDIKA', 1, 'ERWf1HZG7H0v85GEVFaU4FXcrS9lslx51X86eRKW', 1, 8, 1, '2023-10-25 21:13:49', '2023-10-25 21:13:49');
INSERT INTO `peserta` VALUES (377, 'CHAIRIL RAMADHANI PRAWIJAYA', 1, 'T3T9vhM0E8xw7KYdMtjaAr3SzQDVgJ1yS4Fr55zl', 1, 8, 1, '2023-10-25 21:13:49', '2023-10-25 21:13:49');
INSERT INTO `peserta` VALUES (378, 'DAMAR AUFADZAKY PRATAMA', 1, 'WU5slmywqGiC8ITRfFHgrz2jN1msDoXvMYNqWSLP', 1, 8, 1, '2023-10-25 21:13:49', '2023-10-25 21:13:49');
INSERT INTO `peserta` VALUES (379, 'DAVINO NUR OKTAVIAN PUTRA', 1, 'e7qFA199rh4pwwx1wEwes2xshJKJRO7lPp5fzJxj', 1, 8, 1, '2023-10-25 21:13:49', '2023-10-25 21:13:49');
INSERT INTO `peserta` VALUES (380, 'FARHAN TAUFIQURRACHMAN', 1, 'Fjsb9cIwWaDmBpOyRExVJ2e45zypsW9OYVFl6QwE', 1, 8, 1, '2023-10-25 21:13:49', '2023-10-25 21:13:49');
INSERT INTO `peserta` VALUES (381, 'GITO RAMADANI', 1, 'A9rn3kTySCkgqMLPVU467PhFeAi6sPPRhjOuo3ie', 1, 8, 1, '2023-10-25 21:13:49', '2023-10-25 21:13:49');
INSERT INTO `peserta` VALUES (382, 'IVAN NUR KARIMULLAH', 1, 'U7AKZDbF4uKCArVJF9z0B26JKFclfF76CipckdAS', 1, 8, 1, '2023-10-25 21:13:49', '2023-10-25 21:13:49');
INSERT INTO `peserta` VALUES (383, 'KEVIN ALFARIZI WIJAYA', 1, 'SEV6EPE0bShNIJt7erVbs5I09Y71P9g0ZJOhrp9N', 1, 8, 1, '2023-10-25 21:13:49', '2023-10-25 21:13:49');
INSERT INTO `peserta` VALUES (384, 'M. ARIF SETIAWAN', 1, 'IBMGDcdaFsqNVb3AI4QqJVdk3iIb1zOjXkwHGXuK', 1, 8, 1, '2023-10-25 21:13:49', '2023-10-25 21:13:49');
INSERT INTO `peserta` VALUES (385, 'MOH FAHRUR ROSI', 1, 'h0hUUtvm7vfG9x9rWcSxKM4k6dOIp855tbnJCPWC', 1, 8, 1, '2023-10-25 21:13:49', '2023-10-25 21:13:49');
INSERT INTO `peserta` VALUES (386, 'MUHAMMAD ABI HAMZAH', 1, 'pEran2xdffZQmZQAMSsgWp1k7ybjPCOGrlwVUFZJ', 1, 8, 1, '2023-10-25 21:13:49', '2023-10-25 21:13:49');
INSERT INTO `peserta` VALUES (387, 'MUHAMMAD FADHIL HAFIZ MIRZA', 1, '03D1gytvwCtUebvKt0oxoSKnLlrLJ73cjZPsVK12', 1, 8, 1, '2023-10-25 21:13:49', '2023-10-25 21:13:49');
INSERT INTO `peserta` VALUES (388, 'MUHAMMAD HERU', 1, 'a9dcWPLbg4nHt9SqPfhXgZfY8fbokWa8rUNoBzZv', 1, 8, 1, '2023-10-25 21:13:49', '2023-10-25 21:13:49');
INSERT INTO `peserta` VALUES (389, 'MUHAMMAD ILHAM APRILIO SAMSIB', 1, 'gNZDDljuA96hyeSKQFY6KJo4YJvr3WnOIKxgRa9H', 1, 8, 1, '2023-10-25 21:13:49', '2023-10-25 21:13:49');
INSERT INTO `peserta` VALUES (390, 'MUHAMMAD MAULANA RASYIDI', 1, 'LYOt3MK4VeWL9pEXLgibhyuliyjmBwSkua5uWqVp', 1, 8, 1, '2023-10-25 21:13:49', '2023-10-25 21:13:49');
INSERT INTO `peserta` VALUES (391, 'MUHAMMAD RICO VIRDIANTO', 1, 'VRw7ec6r7yNW27i6hPf5rFvDJfIv8Mu59hWtODGp', 1, 8, 1, '2023-10-25 21:13:49', '2023-10-25 21:13:49');
INSERT INTO `peserta` VALUES (392, 'MUSTOFA YOGA', 1, '4hO5awiXv6eihCJN13ESrg2RQ8bX9TnjFIYw2Q9l', 1, 8, 1, '2023-10-25 21:13:49', '2023-10-25 21:13:49');
INSERT INTO `peserta` VALUES (393, 'RAMA DANI SEPTY RAHMAT WIJAYA', 1, 'lwkwwgL22TR6vyQ8vJNpzK958KIuevis4bqj5wHb', 1, 8, 1, '2023-10-25 21:13:49', '2023-10-25 21:13:49');
INSERT INTO `peserta` VALUES (394, 'REFIYAN ADHITYA FIRANSYAH', 1, 'JIAgrYWjiecEymSGEJfFJSj03CVr2PyhJIybuVNp', 1, 8, 1, '2023-10-25 21:13:49', '2023-10-25 21:13:49');
INSERT INTO `peserta` VALUES (395, 'RIZAL RIYANTO', 1, 'B74Uqk2nmxCQWywEeyZfZXDTJ2UAlb9bdmm2tRqq', 1, 8, 1, '2023-10-25 21:13:49', '2023-10-25 21:13:49');
INSERT INTO `peserta` VALUES (396, 'RIZQI DWI SAHRAN UBAIDILLAH', 1, 'XIwc7ZInz1yo0BftlM8Y9kTFvAuaEsXOkiPn2Rko', 1, 8, 1, '2023-10-25 21:13:49', '2023-10-25 21:13:49');
INSERT INTO `peserta` VALUES (397, 'SOFYAN KURNIA SANDI', 1, 'G5ih7tdR6DkjzOhTpGGiDliD7bMZFQwcGJ2SRFm2', 1, 8, 1, '2023-10-25 21:13:49', '2023-10-25 21:13:49');
INSERT INTO `peserta` VALUES (398, 'SUBHAN BAHTIAR EFENDI', 1, '5My0fx4c2E1LtEiu0MUS3tsS1keBQbdfDec2IdCt', 1, 8, 1, '2023-10-25 21:13:49', '2023-10-25 21:13:49');
INSERT INTO `peserta` VALUES (399, 'ACHMAD FAIZAL AFANDI', 1, 'EbfFQkWE3Wudwcn4uCDzGyjekvc6pR4Q7CeoJv51', 1, 9, 1, '2023-10-25 21:13:54', '2023-10-25 21:13:54');
INSERT INTO `peserta` VALUES (400, 'ADITYA KURNIAWAN', 1, 'Xra2CsFfIpotn9bdmFfSCSeJCQlkidsUFQkJRtCO', 1, 9, 1, '2023-10-25 21:13:54', '2023-10-25 21:13:54');
INSERT INTO `peserta` VALUES (401, 'AHMAD DAVA RAMDHANI', 1, '4IsgmYmFZDQjmQhEeuqFL7eFlYz0GgZEG3MaAyes', 1, 9, 1, '2023-10-25 21:13:54', '2023-10-25 21:13:54');
INSERT INTO `peserta` VALUES (402, 'AHMAD MAULANA', 1, 'ElNaPxStvXiNw8M0pYPwZuxozjgwv7oHwDj92RHa', 1, 9, 1, '2023-10-25 21:13:54', '2023-10-25 21:13:54');
INSERT INTO `peserta` VALUES (403, 'ALAN TRI MAULANA', 1, 'MzMRgngWA1kLDiP8AvesI60mIb6w764vEvbafFk7', 1, 9, 1, '2023-10-25 21:13:54', '2023-10-25 21:13:54');
INSERT INTO `peserta` VALUES (404, 'ANANDA GILANG SIS RAMADHAN', 1, 'aWGt4R8z8OJvgL1NMmonUw6732TtBg84H8df8N9v', 1, 9, 1, '2023-10-25 21:13:54', '2023-10-25 21:13:54');
INSERT INTO `peserta` VALUES (405, 'ANDIKHA BAGUS SYAHPUTRA', 1, 'HmbyiFKpd5PSMmdlKkmHnUhCKteX3ZPRPR8Bn1oy', 1, 9, 1, '2023-10-25 21:13:54', '2023-10-25 21:13:54');
INSERT INTO `peserta` VALUES (406, 'ARIF REZEKIA HAMMULLAH', 1, 'TtXUBUjzBngSjg9FqK3Zl0xOF75Hwrg2rPq2GEYb', 1, 9, 1, '2023-10-25 21:13:54', '2023-10-25 21:13:54');
INSERT INTO `peserta` VALUES (407, 'BIMA EQY SETYAWAN', 1, 'UiZHynXfE5rWXWGxzaKzDlg3wVfVE6Pf4lJIvtGN', 1, 9, 1, '2023-10-25 21:13:54', '2023-10-25 21:13:54');
INSERT INTO `peserta` VALUES (408, 'CHRISTIAN FREDERICO WALE DJEWA', 1, 'YH6jmXnQjeXj7nnktZpqjoUBKyW3jpnAPmc7WVkx', 1, 9, 1, '2023-10-25 21:13:54', '2023-10-25 21:13:54');
INSERT INTO `peserta` VALUES (409, 'DARMAWAN SAPUTRA', 1, 'pRUOHe8HuwkW7yvN82E2ixai42hQPcD6xHQzgtfx', 1, 9, 1, '2023-10-25 21:13:54', '2023-10-25 21:13:54');
INSERT INTO `peserta` VALUES (410, 'DIEGO SAMIR NASRI', 1, 'vzJ2sLKJT4dNxOo7aBUpiv246toK57GZOEY0Gubh', 1, 9, 1, '2023-10-25 21:13:54', '2023-10-25 21:13:54');
INSERT INTO `peserta` VALUES (411, 'FERDIANSYAH DWI SAPUTRA', 1, '9b9gYZnT3fpnhs6t2SnGyECNxZ3QSZNjDajYRT0V', 1, 9, 1, '2023-10-25 21:13:54', '2023-10-25 21:13:54');
INSERT INTO `peserta` VALUES (412, 'IQBAL AINUDDIEN', 1, '6Dznwu1Bt93G9pBG9wNPzvy2M6uJyonrpUrhHYUm', 1, 9, 1, '2023-10-25 21:13:54', '2023-10-25 21:13:54');
INSERT INTO `peserta` VALUES (413, 'JULIAN MOSES DOMINGO', 1, 'nsWxlWPm6EbVq5IKSPBEdQ6KV7n0cHiAqJLRpKxk', 1, 9, 1, '2023-10-25 21:13:54', '2023-10-25 21:13:54');
INSERT INTO `peserta` VALUES (414, 'LEO DWIYANTO', 1, 'g834o3acR2IuXyYVYHJCFLrF8YlNlbnuegTRKh6N', 1, 9, 1, '2023-10-25 21:13:54', '2023-10-25 21:13:54');
INSERT INTO `peserta` VALUES (415, 'M FAJAR ARDHIYANSYAH', 1, 'GsYfoVi2szss7te3RFoe9Ko248ubZpsv7CTkwEaJ', 1, 9, 1, '2023-10-25 21:13:54', '2023-10-25 21:13:54');
INSERT INTO `peserta` VALUES (416, 'MOCHAMMAD ANDI MAULANA', 1, 'FpoOgQFxcNbx6gcnFJqK8p52rqT56gzz0iLFCVVZ', 1, 9, 1, '2023-10-25 21:13:54', '2023-10-25 21:13:54');
INSERT INTO `peserta` VALUES (417, 'MOHAMMAD YAZID FARHAN ARIFIN', 1, 'sQbfowBAUpDX6IEspQPfdCjnmBojFZiO5g9G98gu', 1, 9, 1, '2023-10-25 21:13:54', '2023-10-25 21:13:54');
INSERT INTO `peserta` VALUES (418, 'MUHAMMAD ARIN HOSNA SAPUTRA', 1, 'ZHU6w58y2Gv0cE1zHXIWeeqIaEgbNmwVnpfmHGFn', 1, 9, 1, '2023-10-25 21:13:54', '2023-10-25 21:13:54');
INSERT INTO `peserta` VALUES (419, 'MUHAMMAD GILANG FIRMAN MAULANA', 1, '2YxRE4RglZ4JhPtVppuCcRZRbde8T4oq3d7YCZr5', 1, 9, 1, '2023-10-25 21:13:54', '2023-10-25 21:13:54');
INSERT INTO `peserta` VALUES (420, 'MUHAMMAD IKBAL', 1, 'dUKINSHDwikzfQTsIYySPR37QGFns5WYKzTlebLK', 1, 9, 1, '2023-10-25 21:13:54', '2023-10-25 21:13:54');
INSERT INTO `peserta` VALUES (421, 'MUHAMMAD IVAN FAHROZY', 1, '0sNNCJIxKDHndvJn2aVa6SSbueET9zQcinFOWWNh', 1, 9, 1, '2023-10-25 21:13:54', '2023-10-25 21:13:54');
INSERT INTO `peserta` VALUES (422, 'MUHAMMAD YUDA FIRMANSYAH', 1, 'lDIjqgMgFo8OEfcYHTvUR0wFBh6KZ7Zq7cIUFHxP', 1, 9, 1, '2023-10-25 21:13:54', '2023-10-25 21:13:54');
INSERT INTO `peserta` VALUES (423, 'MUHAMMAD ZAINAL ABIDIN', 1, 'UngUbetRPLJQJGXBkxEKzyea1EOYSTgj7DgRkYy1', 1, 9, 1, '2023-10-25 21:13:54', '2023-10-25 21:13:54');
INSERT INTO `peserta` VALUES (424, 'NANDA ARIF SETYAWAN', 1, 'oCOAaXULNMNKQrHhGVe1ZBtNU4oNZ3QKmbdKfSJB', 1, 9, 1, '2023-10-25 21:13:54', '2023-10-25 21:13:54');
INSERT INTO `peserta` VALUES (425, 'RAYHAN SULTON SYAIFULLAH', 1, '9CIUB1FZmdxyEkZiMproyaP1FTLvOZj0PJJ64aH9', 1, 9, 1, '2023-10-25 21:13:54', '2023-10-25 21:13:54');
INSERT INTO `peserta` VALUES (426, 'REIHAN SAPUTRA', 1, '1sudcDLP2tcFsyzTGc6ZKwZItsVcxWFE02ty1m1V', 1, 9, 1, '2023-10-25 21:13:54', '2023-10-25 21:13:54');
INSERT INTO `peserta` VALUES (427, 'RIZKI DWI ARHAN', 1, 'evRL3piAGrG2ItZzWPh3uooJmwla8ql3fE3Kjzei', 1, 9, 1, '2023-10-25 21:13:54', '2023-10-25 21:13:54');
INSERT INTO `peserta` VALUES (428, 'SEPTIAN DAFA FIRDAUS', 1, 'QdRbWArK76a3r73kPxQO6c9u49CCOPSvGy9t2AUr', 1, 9, 1, '2023-10-25 21:13:54', '2023-10-25 21:13:54');
INSERT INTO `peserta` VALUES (429, 'STEVANU KENZA WIJAYA', 1, 'ux8Vhlt3TAEfOqAFw4BCqTS3y8EKUrOjtruAitTm', 1, 9, 1, '2023-10-25 21:13:54', '2023-10-25 21:13:54');
INSERT INTO `peserta` VALUES (430, 'WAHYU WAGIYANTO', 1, 'NVeMZ3NH3UhNtFi2HNhjXDsdmlLksu0WbJ43GuiH', 1, 9, 1, '2023-10-25 21:13:54', '2023-10-25 21:13:54');
INSERT INTO `peserta` VALUES (431, 'WILDAN HAMKA DZULQARNAIN', 1, 'fNmGHytptvgtikuabzKPLRJqJGCVzJ3bOYPJeuhU', 1, 9, 1, '2023-10-25 21:13:54', '2023-10-25 21:13:54');
INSERT INTO `peserta` VALUES (432, 'ZAVAREL AKBAR WARDANA PUTRA', 1, 'KKzcPcxColO6WS6UgEVhPzbUyGCc4jZsVZLI8Ax5', 1, 9, 1, '2023-10-25 21:13:54', '2023-10-25 21:13:54');

-- ----------------------------
-- Table structure for users
-- ----------------------------
DROP TABLE IF EXISTS `users`;
CREATE TABLE `users`  (
  `id_user` bigint UNSIGNED NOT NULL AUTO_INCREMENT,
  `name` varchar(255) CHARACTER SET utf8mb4 COLLATE utf8mb4_unicode_ci NOT NULL,
  `email` varchar(255) CHARACTER SET utf8mb4 COLLATE utf8mb4_unicode_ci NOT NULL,
  `email_verified_at` timestamp NULL DEFAULT NULL,
  `password` varchar(255) CHARACTER SET utf8mb4 COLLATE utf8mb4_unicode_ci NOT NULL,
  `remember_token` varchar(100) CHARACTER SET utf8mb4 COLLATE utf8mb4_unicode_ci NULL DEFAULT NULL,
  `created_at` timestamp NULL DEFAULT NULL,
  `updated_at` timestamp NULL DEFAULT NULL,
  PRIMARY KEY (`id_user`) USING BTREE,
  UNIQUE INDEX `users_email_unique`(`email`) USING BTREE
) ENGINE = InnoDB AUTO_INCREMENT = 2 CHARACTER SET = utf8mb4 COLLATE = utf8mb4_unicode_ci ROW_FORMAT = Dynamic;

-- ----------------------------
-- Records of users
-- ----------------------------
INSERT INTO `users` VALUES (1, 'admin', 'admin@gmail.com', NULL, '$2y$10$wk7iOamZ6MZg5mXN5cjTe.rni32CqQLyssFsM7.FVBsxdxbU4wRye', NULL, '2023-10-25 21:12:12', '2023-10-25 21:12:12');

-- ----------------------------
-- Table structure for waktu
-- ----------------------------
DROP TABLE IF EXISTS `waktu`;
CREATE TABLE `waktu`  (
  `id_waktu` bigint UNSIGNED NOT NULL AUTO_INCREMENT,
  `start` timestamp NOT NULL,
  `finish` timestamp NOT NULL,
  `status` int NOT NULL DEFAULT 1,
  `created_at` timestamp NULL DEFAULT NULL,
  `updated_at` timestamp NULL DEFAULT NULL,
  PRIMARY KEY (`id_waktu`) USING BTREE
) ENGINE = InnoDB CHARACTER SET = utf8mb4 COLLATE = utf8mb4_unicode_ci ROW_FORMAT = Dynamic;

-- ----------------------------
-- Records of waktu
-- ----------------------------

SET FOREIGN_KEY_CHECKS = 1;
